genre_id,movie_id
13,11
17,1290
8,4468
7,9973
9,4444
16,1468
6,209
16,1547
16,7612
8,4444
11,9110
2,3689
5,3957
7,3312
2,5110
8,6376
11,7600
6,7551
4,9058
4,2052
14,5773
8,1123
5,7661
11,4832
8,6718
15,1559
17,8176
13,6616
9,966
11,9152
17,8970
4,5562
18,2686
1,7226
5,8738
12,1959
18,9494
5,3496
13,1228
5,8030
8,9306
5,563
7,1798
9,6679
4,882
12,7411
11,1342
7,9641
14,3642
13,2701
10,1732
16,5380
6,1294
14,7172
11,5966
1,196
3,8416
4,9089
17,8574
8,4975
2,9097
9,5355
9,168
6,1420
5,8571
7,6081
2,2862
1,9439
7,8011
17,4045
7,9332
12,901
8,7297
5,9737
11,2205
18,1404
5,1033
9,603
5,3691
10,5618
14,517
3,3347
5,488
9,1392
8,3376
6,3765
17,6697
2,316
12,9513
7,4210
8,9741
8,4267
5,1205
2,3149
11,5415
1,8197
13,824
6,2315
17,5575
15,1684
15,1770
3,4569
17,7427
11,7333
2,7300
17,5465
18,5402
8,6848
7,867
9,3319
18,8814
7,7811
6,2371
18,2772
15,5214
12,8572
3,7773
1,1700
5,8169
5,7
2,1808
7,7392
16,8648
15,2170
4,6579
14,1306
9,6242
7,9552
14,2263
17,4303
17,6176
1,8081
17,3048
12,2794
8,6396
17,9059
15,984
9,6859
2,8586
7,6597
14,5883
18,6255
15,5677
8,1469
11,1670
9,4686
18,8685
14,4993
6,3801
13,6959
1,83
1,6744
16,4444
4,8778
15,9568
9,724
15,3028
3,2281
1,7883
16,7558
7,4691
9,8280
8,4803
13,5809
13,5671
5,1273
15,5286
8,7424
14,3824
12,9145
1,6818
5,2523
5,4296
3,5524
1,6782
10,5649
16,3603
4,832
3,8861
12,9831
9,2582
10,8988
16,8185
9,2788
13,2310
14,4428
2,2570
10,9407
5,6561
1,4471
7,5436
12,7204
12,2075
3,4733
17,2271
14,6076
13,7601
14,2427
12,3927
16,5241
12,7986
7,5332
9,2331
9,4148
18,9807
11,4171
17,1153
17,8747
8,3521
17,3529
16,1767
13,2309
2,212
7,3565
16,7378
18,552
8,6262
15,8730
5,2182
8,6595
11,8910
7,8570
7,5401
5,6704
16,4239
4,272
16,9161
1,4058
17,8011
1,7567
5,337
5,2597
12,3672
10,7105
4,8975
15,7725
16,454
2,3629
5,1248
11,9526
1,736
8,2599
1,3444
13,1722
9,7432
6,2308
7,9480
16,536
11,5992
11,9312
18,5562
2,2396
17,551
5,355
6,4920
9,9066
6,3216
4,3655
11,9696
8,1153
4,1666
8,1372
5,2277
9,8440
9,6719
16,5961
3,4261
12,9889
6,7302
9,6571
12,1654
10,8688
12,4227
12,4089
13,3248
11,3608
8,1482
13,9347
6,6740
1,9124
3,740
3,5075
4,8445
2,3775
10,1782
12,9580
8,3339
8,9204
6,791
4,8852
14,1008
16,4218
11,3156
10,5568
1,3713
3,8579
7,6600
13,6966
8,7855
13,1290
1,2283
10,1445
14,4233
6,858
1,8083
17,7624
13,383
14,5243
14,8762
8,7313
18,2857
11,2018
9,758
14,765
5,8093
2,8957
12,9246
3,6566
16,4240
5,8471
1,3527
2,3527
8,4623
11,5925
8,7527
14,6399
12,6617
14,8605
14,4930
16,1659
18,5293
10,99
13,4583
14,6603
4,5716
2,4344
13,6068
2,996
3,1138
10,884
15,1710
3,1876
11,5151
18,2194
1,9830
7,7628
3,2876
1,5920
12,4945
5,4578
2,276
3,5420
16,6745
12,2872
14,6404
5,4452
11,8944
8,5829
5,1043
2,4151
7,1438
5,5398
15,4255
16,6952
14,8448
18,2596
7,2716
9,2470
8,3667
5,9466
17,4845
7,264
12,7147
3,110
9,2292
3,2984
3,3669
6,5953
11,4541
8,2612
6,528
10,7875
2,8426
16,7138
13,6830
12,1916
3,1366
18,1879
14,3679
13,9037
12,5578
7,8578
5,2817
17,7350
3,8749
9,2079
15,238
11,4963
17,890
16,8311
5,1794
5,8949
6,8719
9,4012
12,1396
1,5017
7,5508
10,6623
13,6292
10,8583
13,9987
15,741
8,4994
2,877
12,6754
16,3016
12,7591
1,5008
6,3078
4,9701
4,3544
3,9450
13,1586
7,6297
18,5053
2,6612
17,4390
14,1997
4,2662
4,4294
7,7150
16,7570
15,2333
9,8466
1,2710
10,3163
16,9746
14,8472
2,8514
12,6338
1,5042
16,9226
5,3593
13,9677
17,7905
18,8695
14,2125
14,7913
17,8638
11,7179
18,7495
18,85
1,256
5,9882
18,4887
14,3433
15,3780
10,3689
10,7404
8,2419
14,330
9,3828
13,9861
18,3718
9,6714
15,2701
11,968
18,8689
6,2005
10,2681
11,5100
8,3186
7,1548
17,9462
17,2216
12,8514
4,4170
2,3457
13,4320
3,9225
13,9449
5,5082
8,8158
10,4200
2,9388
18,6405
10,4873
9,5509
4,1039
15,1117
12,6185
8,6890
11,4420
16,713
7,5832
2,9712
14,9464
5,4031
6,5554
1,8224
15,6247
3,8964
16,2982
3,9027
14,6067
2,3359
11,9864
11,2261
10,559
4,3331
5,104
18,4952
11,2841
13,647
2,8657
8,2447
17,275
13,5941
3,5677
18,3523
17,260
12,1571
15,518
13,8139
5,8919
10,2795
6,6746
1,5454
8,6983
7,8195
18,5687
1,5702
14,6557
2,6307
17,1855
17,1369
6,7024
6,1139
10,3055
6,5462
11,3996
16,9033
4,5029
2,9036
17,416
5,1443
3,5148
4,4098
14,4850
4,1177
17,9507
17,1481
13,6080
16,1692
18,7488
3,367
17,2120
4,5884
9,8153
5,5137
18,7119
17,705
9,969
15,8274
14,7239
9,1974
7,5044
12,8407
12,9520
13,2554
14,4470
17,8335
17,6254
14,3564
1,3704
15,4810
15,5478
2,6059
8,4029
3,6226
18,589
4,1361
4,4664
7,5928
18,2997
10,1322
1,718
17,7907
18,8558
3,6802
10,4558
16,4789
10,7172
4,351
8,5844
14,3466
8,3605
15,7255
5,5800
10,1404
12,5688
12,7974
17,109
8,7945
6,8267
18,341
15,6573
14,8372
4,7865
11,2216
10,2518
8,1995
1,9195
11,4772
4,2500
15,3034
1,3198
1,6609
16,8130
5,2074
3,608
15,7549
17,7743
16,8309
4,8536
1,8696
1,6149
2,2188
18,7957
2,1310
11,2770
14,9779
17,8670
1,654
5,4309
3,292
2,2508
3,4985
6,8601
10,6649
1,4742
11,9406
10,6461
12,5164
16,6175
9,1374
11,1752
4,9941
17,2115
17,6647
17,2256
15,8446
6,8314
15,2668
13,6839
18,293
5,1351
5,7516
15,602
1,7766
10,9683
12,1334
4,6497
9,4150
2,9589
12,7815
4,3272
12,6044
3,6427
12,3258
4,1757
16,3335
4,7169
6,7838
17,7173
3,8591
4,5152
16,5127
7,4882
18,5806
4,5630
7,8809
18,1929
7,24
4,6845
14,1313
7,692
18,4543
11,4554
13,1905
16,4438
1,5083
3,9026
12,2672
1,5457
12,2902
13,2612
3,5471
15,8816
15,9739
10,6592
4,3539
16,4827
12,6864
8,1998
6,3377
14,7049
2,1614
9,7861
4,8073
2,2269
12,9836
10,1338
4,7460
9,184
15,9487
5,2336
17,5767
10,968
5,9762
1,315
17,892
6,9525
18,4410
16,6906
18,852
11,1999
3,2527
13,1848
14,8570
1,4210
13,9050
10,1124
7,4042
13,6115
2,9157
10,9669
10,271
8,563
3,4738
17,2521
9,517
14,7997
17,7448
6,7632
11,8985
8,2597
13,6624
7,9518
13,5530
1,7355
10,4468
13,4108
18,8349
15,8716
11,3485
9,4320
1,88
5,515
16,2845
11,8863
12,2009
5,6559
8,9554
14,5686
14,7035
13,3714
12,1960
1,667
4,9940
8,7268
17,8841
18,9461
1,5187
5,3104
1,8693
4,1843
12,830
17,5551
16,827
5,6613
7,6976
4,3711
3,2274
8,2908
3,6624
9,213
7,9190
17,4566
7,9815
15,3496
17,923
5,5236
16,9254
7,8223
12,2234
9,5239
4,9380
1,9268
6,6599
3,1654
1,7731
2,6568
12,80
18,8277
16,8741
9,6180
9,765
8,224
13,1098
12,7609
16,1768
9,5726
11,1418
3,9959
6,3633
15,4747
13,3881
18,7168
9,1991
11,8406
14,180
5,348
15,628
14,6734
14,8568
4,9065
13,5793
7,3941
15,2712
14,6306
5,8464
3,4612
9,8241
11,7666
16,5033
1,5412
3,6201
4,8446
2,6687
12,6549
11,5553
14,4329
3,7722
6,8070
17,9246
11,6246
13,198
9,7129
15,3125
11,8151
16,206
3,851
8,1176
6,4168
14,7089
9,6838
10,2987
17,6075
2,9088
13,2294
13,479
17,5499
15,4693
11,3325
5,3862
6,9082
12,873
1,9334
2,2534
2,9828
14,9165
10,5310
16,6890
18,5699
12,1553
15,1349
17,9596
13,1751
3,2259
2,6292
18,4401
6,2174
11,9454
15,1407
7,8828
3,2183
18,1693
8,3889
14,9358
2,4923
5,1415
4,5007
18,2632
7,627
8,860
1,4051
16,9455
11,4258
10,6959
6,2984
16,2006
12,1699
14,7333
17,4082
8,845
11,2012
7,8374
9,4841
9,828
13,6586
3,1823
16,5379
1,5181
12,3139
12,5615
12,3213
13,9381
10,3298
3,7683
4,8491
11,7082
13,7009
5,999
5,8956
2,9422
16,2072
7,6677
7,5351
12,979
8,1112
9,567
13,240
13,1036
17,9367
11,8444
17,9389
12,7717
15,3609
9,7168
13,5192
6,9434
9,2771
6,8033
10,7766
7,368
14,3032
16,686
8,2406
18,6466
2,1880
13,9380
16,8345
18,7772
14,2560
1,8211
14,1909
8,8012
7,2671
12,1545
15,2987
18,3075
5,7223
10,8656
5,9707
4,1824
17,1758
18,8279
8,2453
6,8275
16,8386
5,7048
13,4835
15,5560
2,9551
16,120
5,3071
2,5323
13,81
13,8005
3,2869
7,1171
16,2580
3,7167
8,4016
2,9901
6,3887
15,5538
10,6073
9,769
10,8467
17,8010
8,5940
5,3171
11,322
16,6621
2,7969
3,8075
2,2706
4,6936
17,3396
4,5326
13,5145
16,3206
1,6112
13,5362
3,7128
2,1113
10,4406
10,63
2,2270
12,5450
1,1304
18,6668
3,5871
16,2294
16,5083
6,46
15,386
15,833
17,1112
7,7368
6,6392
7,6817
2,7213
7,3140
15,4769
14,3231
6,9511
6,5560
16,2349
14,340
8,3411
9,6887
11,70
16,7807
4,9807
18,2908
9,7342
7,7773
14,3125
4,7789
11,7340
16,8730
18,9733
12,5580
14,1736
14,2081
18,7434
3,38
4,9862
5,5473
17,3297
11,872
8,9254
2,6457
2,7807
9,187
13,7514
5,1062
18,2616
11,9284
17,749
7,2672
9,2222
7,9081
17,3428
6,4009
14,2555
8,826
13,1023
10,5969
17,4738
10,8156
15,3956
14,7896
1,3052
15,164
8,9682
4,20
17,9335
17,5941
13,5354
7,1595
6,6932
2,2098
14,1890
3,3972
4,5343
14,7322
2,499
8,7588
13,2921
5,4839
17,5271
9,700
17,4658
6,9865
8,9123
16,2753
5,6574
6,2524
9,6826
7,2197
13,6712
5,2341
5,7141
12,1051
17,6827
9,3682
13,848
2,167
17,1801
6,8040
9,1994
9,1569
16,6503
13,5881
18,8651
17,7485
15,777
5,5813
5,4255
7,7082
15,6895
13,1464
12,4746
10,2587
9,6121
7,3282
17,1018
18,8141
17,8045
2,903
14,3047
4,9672
1,7562
7,5785
11,3705
15,4061
10,4341
11,4791
7,735
2,7395
10,2425
15,2547
7,163
5,4823
8,4627
15,1711
9,4253
15,1897
16,507
7,6573
16,7439
1,1336
6,8071
5,3570
13,9036
16,4408
11,1772
13,349
5,9456
8,6278
15,4430
13,1713
11,729
5,7107
13,3848
16,4537
15,3453
2,4497
2,6795
16,6610
7,9354
3,4145
3,4549
18,5932
4,1433
13,6816
3,2299
16,5760
16,1623
7,8592
12,7980
12,5933
18,965
11,5395
16,9786
9,820
18,2760
16,2573
3,144
16,5489
7,5912
4,2231
16,3723
13,63
7,4086
6,568
16,8491
18,2417
2,8278
8,4855
10,1589
16,9755
11,2653
5,9334
6,5399
17,1674
15,4775
6,2347
11,8353
8,1850
16,1794
5,3209
5,5166
18,3254
6,2395
1,3774
17,5315
6,6658
1,1670
12,8464
9,5093
12,1879
9,3916
13,9824
3,1807
16,3946
9,6792
11,6472
7,447
8,331
8,898
12,9732
6,1526
2,6037
10,8041
9,8773
16,5443
3,5316
3,8772
12,7313
5,6085
18,8182
9,8799
4,3969
3,2498
7,4891
1,8691
4,1644
8,6308
10,3590
3,7900
15,8153
11,320
17,7679
3,3348
5,8167
2,9960
16,8483
13,540
18,7412
1,3923
14,140
14,5235
9,2364
10,8341
10,7139
1,5384
1,7095
14,1699
7,4495
11,3585
6,3373
10,7668
2,8870
10,8516
4,9248
9,3549
1,6651
8,3303
16,4551
13,5883
16,7781
7,7399
16,3052
3,756
15,7782
16,1229
13,471
12,4042
14,1658
9,2611
1,2869
18,9097
3,2922
8,141
18,7766
5,7455
15,7618
9,8975
7,8907
11,3687
18,9960
11,9681
18,5968
6,1280
14,6168
6,1212
2,880
9,4625
9,710
10,5742
13,2301
5,2009
2,8903
12,8077
8,373
8,4007
14,3096
6,7222
6,9804
4,9119
5,3405
5,6060
4,9876
18,4528
18,6726
16,5301
11,2853
3,7579
13,1936
1,7833
17,2930
3,2122
7,5762
2,8891
18,1676
3,1383
16,2633
7,1327
7,9683
4,5604
9,3794
13,8702
13,4987
15,5345
4,1809
1,5297
8,4050
4,5626
1,6904
17,7883
4,1147
7,6808
5,8073
3,4716
2,2803
4,7510
5,5421
7,9753
9,6866
13,8799
10,5527
17,4784
16,7963
14,3767
7,9756
9,665
3,6371
8,3930
7,698
7,4391
9,7063
11,1712
10,6816
4,5802
9,6212
3,9687
15,231
8,9361
13,9561
1,3208
15,9714
16,1230
10,1055
17,4749
6,3535
3,6742
8,5361
15,7510
9,5587
15,9131
13,8585
12,9493
15,6048
18,6169
18,8125
12,1500
10,9398
13,6731
12,5599
10,8072
6,9075
2,9718
1,777
13,3280
18,8193
6,8010
15,2058
1,9576
16,5513
16,1635
3,8682
16,7243
15,1070
7,3468
5,4746
4,5311
2,4997
1,2202
1,2436
15,4610
14,50
16,4685
7,2184
16,6201
3,5056
3,9761
12,7525
7,9145
1,9653
15,1453
2,802
12,863
17,8728
10,2366
8,4207
14,3576
4,894
3,9085
12,4641
9,8134
18,5291
9,5783
11,3951
9,9217
4,9465
12,4585
9,7519
17,9151
13,5945
9,338
15,9749
7,8751
13,8549
7,6726
11,2593
15,6896
12,3609
6,2181
17,5142
5,4389
1,1436
9,6229
7,9864
5,8979
7,7232
7,1314
18,6035
9,7347
1,4116
7,4660
6,3346
11,7444
9,286
9,6845
18,98
18,8846
13,4810
5,7685
3,9503
14,4616
3,4527
12,9862
3,2817
7,1571
14,9852
7,4816
13,8475
8,1781
18,6150
16,7492
5,8941
16,7060
15,2852
3,5856
6,3600
13,3875
16,6518
4,9786
2,8246
8,1676
5,6018
5,6393
3,577
4,8552
16,6917
18,4485
10,4710
17,8412
17,2331
17,8991
18,3239
16,6948
12,6054
13,8345
18,443
8,5112
15,3215
4,2745
9,9926
16,5724
10,5601
18,1522
14,8243
9,1900
4,3055
7,9238
5,7168
10,3351
3,1039
17,3159
6,7478
13,8374
9,4072
17,4728
2,9466
9,9248
3,5609
15,2538
3,4965
16,9530
1,2519
4,839
1,100
15,135
9,6481
17,2728
15,660
15,3558
9,2284
17,3336
2,5860
2,3542
2,7879
16,9694
18,9315
15,6402
1,1918
1,1030
12,7332
6,5645
13,9764
7,7637
13,6548
16,31
11,8795
3,982
16,2246
4,9212
10,4448
11,6253
10,8416
3,10
12,3982
4,1167
13,3467
16,8414
1,50
1,9132
5,7403
11,7662
10,2125
12,6326
6,7213
1,4461
11,5072
9,5010
14,5854
15,492
10,1020
15,8272
3,6784
14,9969
9,8326
3,5759
9,5623
7,619
5,7470
5,2843
1,917
2,8069
7,7786
14,6318
1,2409
18,2742
1,6184
2,1134
9,6764
14,1990
9,4888
12,6502
7,1320
11,6236
9,2438
2,5175
1,5238
2,75
3,6492
4,9820
5,2615
15,9241
3,9149
12,3634
11,7892
9,2044
4,6551
2,105
7,4366
9,5813
3,7067
6,2947
6,7606
15,4827
13,9395
13,340
16,4880
4,9703
16,9485
13,6069
7,8079
7,1435
18,7286
16,4738
12,1527
15,4838
9,7550
17,7851
9,5473
6,5134
18,2181
10,9738
8,9611
13,7942
8,5620
7,2261
10,2116
5,9232
7,400
16,6477
8,3410
4,9708
7,2150
15,205
5,4225
4,8484
18,8324
8,9417
6,623
17,2461
17,8676
12,898
12,3079
11,629
4,2519
5,232
11,6352
11,8228
5,9781
4,2268
18,8374
1,4561
3,7328
5,2053
2,8637
13,9610
1,123
1,4292
16,2925
13,107
14,2979
5,2118
11,3202
5,5759
18,7156
18,7234
6,3460
8,1311
7,6860
13,5053
3,3261
10,1847
1,2007
2,3895
1,9074
9,1525
13,5220
18,3849
14,6040
15,4373
5,5367
6,2374
16,7914
7,9382
1,4040
16,5204
10,7771
13,2947
16,2275
14,6528
6,2362
7,95
17,156
1,6660
8,3290
8,2054
17,2970
1,8150
6,8980
4,7402
11,5013
18,7723
2,5103
17,8295
16,2507
16,3139
17,7452
11,8133
12,6332
8,1020
16,6435
13,626
10,6657
5,9780
7,7906
18,226
2,3523
14,6881
18,4332
2,3850
9,4996
6,7715
7,1643
13,8537
17,43
12,2868
13,7401
16,9926
16,557
11,7109
15,180
1,9804
14,785
9,1264
12,6305
13,7682
12,8024
1,6564
5,6138
4,8895
2,4111
14,2841
9,4926
18,6133
4,1602
13,2321
9,8636
13,6108
15,5782
7,2687
11,7072
18,5305
9,5495
5,2729
5,5479
10,2075
11,1234
15,4647
18,9710
14,4149
14,7162
2,8935
16,7194
5,878
13,8550
14,8086
4,7995
4,6793
9,8193
18,600
7,2412
14,9703
1,6740
5,6984
18,9128
17,7542
10,1295
16,6460
3,2928
5,3180
16,2613
2,5814
16,7152
16,9871
10,2558
1,6558
1,8342
12,5368
18,9208
13,7671
13,5449
15,9994
17,2495
16,7896
5,286
9,1505
5,7917
7,8724
14,1650
1,9839
17,1160
16,5882
9,3849
15,1698
12,8055
7,864
5,4674
3,4755
13,2994
16,186
13,6500
5,6495
9,3910
7,3092
9,9276
16,7837
7,5694
14,5860
17,3224
18,4486
4,187
5,549
12,9726
18,9858
8,2554
3,4489
5,2117
7,5711
7,3904
3,996
14,2769
4,4925
15,4111
11,6572
15,6832
2,240
17,1067
18,9163
18,4282
6,1544
1,3967
12,1519
1,2135
17,8067
15,5341
5,5646
5,569
2,9814
8,6188
12,2264
15,9880
16,7524
7,5373
10,3473
18,3424
16,6379
2,6230
13,5339
13,7662
11,68
9,9055
11,9303
11,8826
7,6248
17,9657
18,4464
4,9406
3,1924
15,199
15,7705
12,1965
4,203
2,1852
6,1925
16,6565
9,36
10,1674
13,7773
14,9458
9,3793
1,5706
9,4690
5,6563
18,7855
6,6925
5,4267
16,6470
8,4515
12,5307
5,2594
14,9840
15,4675
18,3071
7,4227
11,2420
6,9504
15,9031
15,1477
2,3687
15,6975
12,1245
10,9732
4,7655
17,3550
4,9401
3,4954
17,3226
1,3724
7,3845
12,5292
12,8836
10,9168
10,6107
13,6410
8,3918
11,7307
18,5916
7,6390
5,582
5,1057
10,6131
16,6960
8,7142
12,5394
4,3812
7,2733
3,5251
9,3979
11,4843
11,3000
5,1253
2,9899
5,9310
2,1987
1,9221
13,9444
14,291
10,1476
5,188
2,9854
10,1420
1,5476
15,9320
9,8371
2,8732
5,4051
17,632
8,4472
7,1080
7,3656
8,2558
12,7000
15,7960
16,2535
7,6622
10,1791
12,6264
8,3820
8,6132
13,6675
18,9475
18,5765
11,4080
5,5837
4,6061
12,2202
10,3338
10,339
12,3564
10,8494
3,9424
7,1600
13,5927
2,4844
2,4274
5,4936
12,4322
6,2701
1,6732
3,2487
14,8500
13,6679
16,7520
3,2346
12,3243
9,3966
8,4242
10,1909
1,9879
9,7050
1,7378
12,4236
15,6747
10,9045
7,971
13,443
3,2277
16,3305
1,9961
11,9728
12,5893
13,4230
11,3591
6,9720
14,7708
11,9608
8,4071
4,328
11,862
7,8967
17,6067
3,4672
3,8616
7,1054
15,8158
8,2556
10,8053
17,7010
4,9259
18,7211
17,5133
5,6666
12,1656
6,8016
8,1997
6,113
2,1805
1,9244
3,3365
5,4360
7,8026
1,7885
11,9158
14,9299
3,7907
9,1794
16,3589
18,4771
8,2273
14,2764
13,7310
7,7982
12,5718
15,9784
10,6042
17,4965
6,7400
14,3407
3,8534
14,6650
6,3798
17,179
11,5921
18,1909
12,639
16,7360
4,2296
6,7279
5,5419
7,8327
15,3275
18,985
6,2709
9,8777
18,6998
3,5906
18,5118
12,6102
1,3505
12,2612
7,4718
2,5950
7,4829
13,3959
10,7388
13,7598
11,8019
13,1420
16,4864
5,861
8,6024
17,6725
9,5496
11,317
10,5467
7,7700
10,581
7,6361
8,4034
14,6449
13,9968
3,8155
4,3703
13,990
10,4283
11,1839
18,86
15,3526
6,236
16,4206
2,5429
18,2017
8,8058
7,8741
9,5316
16,7994
13,7625
18,4901
13,7331
16,7097
6,8304
15,3856
3,9931
12,9240
1,763
1,5087
7,191
15,9527
8,5181
4,7428
2,7407
9,7959
5,1972
3,9786
15,3128
5,6860
9,3839
4,8385
16,8300
15,1983
12,4295
4,8286
2,3938
13,3015
7,7362
17,2079
2,1344
10,5481
7,8333
16,9813
6,5548
11,746
18,8300
15,6670
16,7472
9,8661
2,9453
9,9322
7,6833
7,6567
5,9360
14,8754
14,1689
2,2338
16,574
6,1850
4,5032
14,9827
3,6136
2,7154
2,4622
8,4798
16,340
12,7023
5,3502
8,7779
3,4259
5,7004
17,9572
16,6593
18,4966
9,9389
1,3845
9,2824
2,6498
5,5032
6,2688
17,312
12,6953
7,7257
3,2358
15,591
16,7425
12,2810
14,2775
7,9221
4,8618
10,7408
7,5905
6,9036
7,2130
18,4375
10,4079
9,166
8,9542
8,8649
17,7993
11,6238
17,2064
9,5211
10,4383
17,9319
9,4109
3,9430
2,3214
1,9348
3,5988
18,5448
10,9308
4,5736
1,5659
18,5338
3,3094
11,6896
17,8037
10,9065
5,6437
13,410
3,2567
13,513
12,22
18,9339
16,8824
5,6282
12,7047
17,3994
7,9680
6,2973
15,7807
1,1533
14,332
7,8420
16,6081
11,5866
15,1523
5,1140
18,5935
12,6598
9,3220
1,9296
9,2069
10,828
4,2704
9,2129
18,6222
14,3217
2,340
13,8593
8,2728
11,5382
4,6821
9,3204
18,2953
12,7322
1,7664
17,5272
7,4267
16,2375
13,1960
11,5776
5,8583
5,8505
1,9798
15,3873
10,9202
14,5866
2,421
3,9838
13,719
18,6438
3,1080
3,5642
18,6032
18,9577
16,7563
2,4179
18,1535
13,9670
11,6922
3,3551
1,6927
17,7575
3,4094
7,8089
8,4631
15,4558
4,3305
12,8180
5,8469
17,6216
1,3467
8,3436
11,9569
14,1212
16,3261
13,8584
3,4124
15,107
6,2034
15,6228
7,1537
12,376
17,6848
4,2909
15,4958
13,5971
17,6220
2,7412
5,5591
2,8045
18,5083
16,596
18,7771
17,4635
14,4152
17,5016
2,5395
17,5508
8,1492
12,5289
10,391
18,614
14,2683
12,4355
4,2594
13,8932
10,3885
16,133
3,1099
15,2041
1,630
14,3690
15,4240
6,2586
16,9589
2,2351
7,4612
11,5171
11,415
8,6098
1,4558
16,3587
9,8872
6,4209
12,8489
7,4918
13,8751
7,188
11,1977
16,2896
8,3458
15,289
14,3412
5,3003
10,1580
6,5513
9,384
9,8864
15,8254
2,9694
18,7546
3,7240
17,5311
4,6416
15,2401
6,5196
4,1248
12,6919
16,429
9,3370
9,5898
5,506
6,3541
14,4697
1,5801
2,9035
1,8656
5,2568
4,5223
1,2719
13,9152
16,8641
11,2480
13,4496
11,4330
11,908
9,2655
8,1846
4,4539
1,691
17,1613
18,185
13,9231
11,9198
7,4636
8,3849
2,4418
17,1204
5,6189
3,939
9,3269
17,2808
7,4063
7,3713
5,7890
2,8064
13,1248
4,2894
10,5973
8,2495
11,3097
14,5464
17,6293
8,2018
13,7496
17,534
12,3739
11,7682
5,2055
5,2160
12,155
18,7303
12,3538
13,7637
12,7703
5,172
3,2917
12,5134
7,4720
5,409
14,6427
3,4453
7,1400
16,2447
12,5268
6,2554
8,9799
15,7020
2,6327
17,2776
11,6535
13,8307
15,4993
4,1842
10,5815
18,821
4,2687
17,3742
18,611
12,9801
1,7364
17,9394
2,5017
4,144
14,5996
17,8715
14,3342
15,6241
17,7006
15,4896
14,8696
11,9372
13,5061
9,4649
4,4644
3,5838
5,9315
4,1008
11,2214
2,8165
16,9090
18,2540
10,4209
17,5169
13,2168
10,1098
8,8157
16,9937
1,5712
18,7891
10,7422
3,5041
9,5762
18,9558
7,3579
11,987
13,1815
18,3909
18,1261
2,3212
8,560
4,787
4,2981
3,6821
14,8837
14,5791
6,20
12,7871
6,359
15,1205
16,6147
14,4127
9,6925
6,107
5,1522
12,7774
2,881
16,3986
4,3530
1,2196
7,7071
18,2223
16,5226
3,5974
10,5390
4,4388
18,6324
6,2770
17,2260
9,8565
1,3473
10,9244
5,5461
2,1844
18,6143
16,9562
16,2058
12,2535
11,2147
3,5711
4,1470
3,5208
6,2011
5,2311
18,5197
15,6375
11,3528
14,3720
1,4377
12,8155
11,1133
2,4530
7,7072
14,8156
18,256
13,9033
16,1373
5,5204
6,1553
10,8337
18,7065
14,4554
4,4197
4,8999
5,9139
8,253
14,39
1,8636
18,4172
16,210
8,6670
3,146
3,5829
16,3022
8,9965
1,1412
5,9636
11,2144
9,5757
5,5672
16,6903
6,3170
3,9799
16,8402
3,3103
16,57
17,4311
9,8749
5,1667
16,7480
12,96
2,7729
2,4063
2,9264
8,3540
8,2297
5,2769
11,4451
10,9655
12,6227
14,3005
2,1443
14,1547
14,360
9,7775
2,6690
18,5769
18,6841
9,3611
10,5351
13,2893
15,6626
16,2408
12,6482
11,9883
1,815
11,4751
18,1327
8,6839
4,6590
7,2079
10,7859
18,9782
9,7218
7,3228
4,487
2,9639
7,7723
10,1118
5,7219
9,685
1,2141
5,7558
13,4699
3,1054
6,3388
10,2303
17,3166
9,2265
6,3251
18,8730
11,8280
18,4408
12,2592
12,782
10,1526
11,9156
9,1081
11,5048
6,7982
11,2889
18,6516
15,7242
16,9040
8,8256
18,3413
15,1670
3,2023
17,2830
1,6826
5,5180
14,7772
18,9046
15,2078
4,8698
2,649
14,1602
10,7246
6,1060
5,2825
15,4426
9,5538
10,3432
6,7993
7,132
10,1972
17,9084
8,1544
3,6233
12,1464
5,6835
18,8323
13,7880
13,2307
6,8534
5,3242
3,4262
14,7221
4,2638
8,5845
14,7462
9,8955
4,1787
4,4421
2,755
8,2516
4,4240
14,3738
5,9486
12,7900
9,9193
10,5746
1,9363
17,8500
3,3856
12,6064
15,547
8,9599
5,1300
5,4958
12,6945
16,7779
6,5027
18,8975
3,9356
2,1740
9,5759
4,6541
3,1325
6,2873
12,6299
9,5360
2,8693
14,1951
14,9887
10,2058
10,3774
6,1988
18,8376
6,8206
5,3075
2,2799
17,1460
6,7421
4,9267
8,3704
14,7820
14,4829
18,3879
7,6251
11,5574
18,6451
13,2471
15,5778
7,9160
9,2461
9,827
12,6408
18,8409
1,3416
12,2749
12,6364
7,4608
9,180
14,1019
3,540
8,6360
3,7013
9,826
2,1272
3,3312
18,2659
10,987
16,292
7,9587
18,6983
2,8889
3,5456
13,6909
8,1022
16,6603
16,7881
16,2884
17,1283
15,7977
4,1584
14,2036
18,1493
5,1974
8,9053
9,4449
6,125
14,6892
4,5710
3,1725
2,8520
5,21
15,352
15,118
15,8996
12,4649
17,5050
9,7943
4,9616
4,8040
4,5437
15,2287
9,1845
6,6647
12,4950
1,1586
9,4215
2,8967
17,8954
14,3628
11,5376
1,2332
5,4346
9,2116
13,6867
3,9731
18,758
17,1571
3,5193
6,6178
11,9621
1,9904
16,3006
15,9607
6,3089
8,5999
5,8085
10,7320
15,4427
10,4983
2,8546
8,9144
18,6766
4,1063
3,1317
3,7015
12,3422
17,9224
10,4230
9,6949
11,1272
1,3828
5,5501
17,8370
2,6870
5,9597
2,7198
5,4402
18,7367
17,3678
18,4254
1,2472
6,5657
6,8349
9,3133
17,7401
16,1618
1,5199
6,2978
14,6440
10,6601
11,1941
4,5490
12,1944
13,7049
14,3471
16,8527
4,8914
5,2027
4,2784
14,8642
14,9326
9,1957
5,9612
13,2275
5,8785
16,7163
7,4759
7,6199
7,4832
12,3608
18,206
16,5200
17,7491
16,1686
2,4787
12,6217
12,4651
18,7608
9,1529
9,7330
10,5273
6,6374
6,2180
5,5476
16,6281
15,1462
10,2374
17,6710
7,7573
11,5258
15,4931
10,365
4,4091
13,3301
1,5403
18,6573
6,3547
18,1456
18,1954
6,2339
13,5041
17,5242
7,5628
2,6140
7,4595
17,6354
1,9307
10,2755
12,6244
18,3930
14,6293
12,1070
3,213
15,9065
11,7309
7,7490
2,6287
15,242
7,4621
3,7123
10,8421
2,2839
17,9712
7,4680
5,4898
3,8152
2,7476
1,3295
10,2414
18,8475
14,2145
18,6373
18,5835
7,9090
17,1492
13,5188
15,1262
15,8349
14,7789
3,3473
10,1742
16,422
1,2734
9,6812
17,8855
14,9515
9,7520
12,3099
11,8994
12,1627
8,8975
17,4627
6,2000
14,8919
1,1302
11,7924
6,2334
14,4003
15,4663
4,4453
9,2576
2,330
7,390
11,497
10,729
11,210
17,2154
8,7549
1,5276
6,8038
12,6183
18,9288
13,3878
15,8423
1,9478
12,502
13,9908
1,3587
11,7134
5,2731
8,7029
10,9511
6,7179
11,1430
13,4719
11,3128
1,1901
12,6282
14,5343
11,5317
12,2383
3,4763
2,5673
6,2145
9,6783
18,8295
3,227
14,2863
16,9062
10,2183
15,8628
15,7936
15,1270
7,4585
4,4387
17,6335
2,4901
8,7046
4,8873
2,137
18,7011
3,6149
5,5745
6,7832
13,133
10,9002
7,3544
4,8670
17,3932
14,5208
13,8630
11,3811
17,5931
2,2663
18,4288
12,3816
18,6204
8,9866
3,5891
18,1708
4,7846
8,8585
16,3090
1,3659
2,6494
4,8167
18,4021
10,8962
10,4354
11,623
3,7040
6,4898
15,8024
6,4992
2,7912
10,4042
4,7035
13,3621
16,4792
14,2725
9,7955
14,9194
16,6695
3,350
12,164
17,5576
14,6770
7,5668
12,7754
6,5269
7,986
13,8189
14,2087
2,19
6,4156
13,6153
5,3708
9,8282
6,5304
9,1941
3,4473
7,9249
3,4547
6,9437
8,6165
2,3675
1,5271
7,7411
5,8335
1,8369
11,9020
6,1781
10,7020
4,7872
5,5866
18,1968
13,4088
18,1943
17,3125
16,2815
10,118
9,2973
12,3536
17,7105
16,7858
2,2308
13,5654
11,8864
7,417
18,9471
9,402
8,2150
15,9964
12,4758
18,7564
2,9463
3,3881
9,3694
14,6007
6,9419
16,8155
1,8597
4,5442
16,3700
3,6174
4,1627
4,8156
13,6860
14,873
17,1949
9,6650
14,779
18,6723
2,3434
6,3704
4,2101
6,8754
15,4853
4,5811
6,3570
10,1379
15,8823
8,2638
17,1799
8,6445
13,5335
9,4853
1,8556
10,3661
15,4095
4,930
15,1065
17,1538
8,3525
17,4272
10,3162
11,7229
11,2976
10,3215
14,4837
11,7617
17,5993
17,8701
15,8808
2,1793
9,6368
2,6358
18,622
10,3781
10,2381
10,5406
9,9769
5,312
16,4813
1,984
7,7396
11,4122
5,3844
11,19
10,2641
6,8463
7,4609
7,8387
6,6931
5,5409
10,3189
16,5534
11,8625
13,5669
6,3226
16,8335
7,7135
2,4334
9,5072
9,6853
1,8237
2,2759
9,2554
12,8706
8,3856
8,7428
8,6748
5,4541
3,4989
4,8921
4,1053
12,2573
10,6184
4,500
7,6070
7,8155
7,2454
12,1283
17,2757
16,491
4,3998
1,1250
9,9252
18,4189
10,1003
2,8090
13,8025
16,6269
15,6698
1,3488
5,9960
4,266
6,3672
18,5031
2,5863
5,8389
5,310
2,731
5,2889
16,4722
8,5165
4,8932
14,7506
11,3210
12,2510
4,8451
5,6244
11,6336
13,3566
3,2475
6,6553
3,7348
9,2905
18,5088
15,7827
14,5330
9,8751
2,9147
13,3539
2,7979
14,9980
1,5501
13,1735
14,4959
14,4270
5,8983
15,9013
13,9892
6,8288
16,6918
9,9178
9,9132
4,7498
6,3776
5,8791
15,4026
5,6532
9,2723
6,5626
5,1650
7,3938
5,9847
14,3532
16,2194
17,2710
10,4588
5,5189
2,3017
10,8809
9,4604
17,9168
2,6505
6,4068
12,8389
11,3004
12,1183
17,1807
13,5880
12,5551
13,1154
14,5276
18,1255
8,4394
9,1538
15,1396
2,9431
17,3717
15,8784
12,1663
17,3142
11,3142
11,3869
11,3536
18,268
15,2588
4,4613
3,6491
7,6594
13,6558
11,781
7,9019
15,2790
9,471
13,5311
17,9630
17,9494
2,7584
2,5325
8,8115
6,9686
10,7310
18,3275
3,7607
2,4289
16,8498
14,3516
16,3439
10,8599
9,4463
4,2590
17,8329
12,8197
9,299
2,6987
13,9316
1,8634
15,2051
3,4642
2,1508
16,6429
5,2901
17,917
10,3477
8,7082
8,262
6,3582
17,3744
9,6325
16,5748
15,9674
6,5632
2,8539
10,6410
12,9082
13,3024
11,9332
13,5637
11,6014
5,9280
18,7746
5,126
11,9967
12,2699
6,5481
6,6057
1,7475
7,3304
8,810
1,1598
3,5646
15,6157
6,3790
15,5765
15,4542
11,3713
9,6406
4,3860
14,279
5,5602
12,3231
12,6132
18,239
5,8972
11,7397
2,602
10,6760
10,3820
2,7080
11,1038
12,2913
15,3313
10,5263
15,1301
11,518
17,4078
12,2286
3,9921
6,842
4,7398
1,6567
6,8697
8,4489
12,1083
15,7972
8,7122
14,9203
8,7697
10,5063
18,2846
8,4618
18,2146
12,9043
10,5874
5,32
17,2026
5,3998
3,1844
18,2205
2,5059
8,5511
2,879
5,7997
15,6298
10,6165
8,3762
15,8997
12,2411
18,7385
18,5097
9,6712
14,738
8,4981
1,7267
10,4743
7,3639
15,6582
11,2241
14,9786
9,1080
14,9916
3,4448
3,8599
6,2805
1,6318
6,7921
15,153
18,2773
9,5486
7,2856
12,707
4,214
3,675
5,9907
11,1948
9,2037
12,3762
8,1696
6,6288
12,1274
18,3414
3,9266
9,3864
11,1587
12,8596
18,3197
8,6282
1,8612
1,6452
5,1413
13,9742
14,5444
8,5370
12,2034
6,4900
14,2818
13,2732
11,3231
9,7250
13,2938
3,3079
5,8754
9,2483
16,8326
1,2961
10,4547
1,7288
17,1280
6,5295
1,3900
16,3848
8,985
18,9395
6,5053
8,1103
3,8265
9,4143
16,6512
16,1243
5,9896
15,7228
16,5980
10,7560
6,8645
11,6954
9,5686
17,2747
5,269
4,4670
11,4210
4,1638
11,6920
13,9147
6,1151
7,5728
18,332
9,7144
2,1465
16,7712
6,4029
9,3071
14,2957
16,9666
12,5948
9,9852
5,9477
13,2924
16,1031
1,9399
6,2099
5,366
14,8943
10,8004
15,6525
15,7835
6,535
18,3448
11,924
12,713
10,3416
4,6942
12,7873
17,5921
2,6771
12,5855
9,2017
18,6619
18,6718
1,2752
18,9311
13,8119
18,1455
2,2695
10,7133
1,5149
11,4311
14,9337
16,1304
2,398
17,6418
8,1599
5,7504
17,1304
4,6668
9,9326
15,4247
3,6886
2,9873
4,9167
14,4699
10,6105
4,2428
7,3542
18,3987
10,7936
6,7935
11,5773
12,8207
12,6458
18,9076
3,4190
13,943
13,8122
17,7967
9,1689
2,5179
14,4276
9,4846
4,5885
16,2989
17,7400
17,3786
15,4898
14,9809
11,1723
12,475
7,2146
11,4484
12,4443
4,9517
9,7140
16,2783
7,3150
11,9997
7,6806
15,1285
9,75
16,3664
1,8984
13,3991
6,9594
11,1603
2,438
18,5928
12,5868
3,7045
1,72
4,6253
11,3110
4,2934
6,5358
4,5606
8,3098
9,3525
7,6468
16,1742
11,442
13,6156
2,2728
16,2183
2,450
8,518
1,5650
3,6916
15,6064
9,7741
13,790
17,3964
4,400
17,2606
12,5767
18,4137
7,2664
8,247
16,7223
3,9565
11,8579
10,4278
14,7503
7,9393
13,5921
6,4959
18,5612
3,1648
7,435
18,8448
4,6618
15,2256
14,1362
16,3581
3,3322
6,7342
2,1585
17,8978
14,8907
7,5641
17,3246
7,8595
2,2302
8,6633
10,2317
18,9628
11,8772
2,9338
9,9177
16,2970
11,5753
4,2624
2,3987
6,4239
14,1090
9,197
11,3884
2,404
13,6949
1,9936
8,5400
18,7020
8,1926
10,8187
11,3957
2,2146
17,503
8,3808
6,7289
12,1755
6,6008
12,6555
1,32
1,6627
14,3618
1,9174
1,8618
2,9427
9,192
3,8716
1,7916
6,6161
7,7344
5,8856
14,5836
17,967
18,2571
10,7167
11,3607
11,1501
18,8882
4,6432
16,8809
17,934
10,2356
17,108
12,8694
14,1769
7,7931
12,443
13,3145
14,8236
17,4608
13,2635
7,6136
11,7863
7,7953
17,3110
4,6998
3,7680
18,3522
9,4298
12,1142
18,5080
16,8701
16,7763
16,3284
14,3744
13,2136
12,4318
13,5918
11,7336
8,4072
15,1816
4,9396
4,1308
12,8646
10,3600
6,9031
12,5889
16,4710
13,4273
2,1036
18,292
8,2526
7,1444
7,8841
1,1155
7,2101
9,2134
13,3753
17,9530
5,6912
1,3747
3,3827
9,2427
4,4564
13,5312
8,9233
10,5192
8,7402
4,3550
15,9317
13,4114
15,7895
16,2557
2,5293
10,8403
6,9371
11,3311
6,551
2,2649
1,8301
13,9139
3,5513
17,4288
9,7423
13,6647
10,1182
12,397
14,4585
13,4005
1,7693
2,7018
9,1692
7,1104
12,9312
13,4015
6,9165
6,9687
1,9095
12,3964
17,1483
7,2081
7,3534
5,1555
10,1375
11,2534
16,7552
3,9889
7,4130
10,9875
17,6273
4,4099
18,4756
18,9688
4,9047
3,8475
6,9798
11,7176
12,2954
6,8856
13,4377
16,5954
1,7795
12,2860
8,4285
12,4680
2,2287
10,8334
15,532
15,281
9,1262
4,8382
2,3259
7,5681
3,8132
17,2506
4,7118
14,8032
2,7738
12,6912
16,1986
9,9299
11,488
11,8739
15,4970
4,9099
6,6834
6,1120
9,3578
5,3924
2,3049
18,9370
16,9900
8,3798
16,7192
4,7010
9,7684
6,3195
10,3844
16,2673
3,485
7,921
3,1697
16,1309
18,4648
12,5517
16,5295
4,9235
16,9699
10,7626
14,442
8,6318
7,3688
4,4742
16,1178
8,1877
7,7408
18,3688
16,8660
6,7133
17,817
2,1750
16,6063
11,4399
1,6640
14,457
4,6772
13,9259
10,1940
2,3646
11,1409
9,6781
6,4709
4,2561
9,9720
2,9488
13,3842
10,2242
7,3994
16,8045
7,7769
6,8248
16,4999
1,4201
12,4930
8,3827
9,3956
2,8796
9,7239
2,9197
12,5366
3,748
17,8465
1,697
3,7403
1,1108
16,9792
2,8013
17,621
16,6916
9,5413
1,2922
10,6281
15,66
13,6702
3,8880
17,9839
17,9120
7,8009
2,7495
13,1564
13,7303
18,2620
16,2976
16,4929
15,1087
9,7166
10,6842
16,8010
7,566
4,9087
18,978
9,980
16,5626
7,1073
18,2624
15,1597
8,9653
8,3452
7,5024
11,6819
11,7974
11,8062
8,218
3,4082
4,6057
3,1730
7,9211
6,5675
7,8543
5,1523
9,2113
2,2875
18,3995
4,9794
5,5699
2,1392
4,474
6,4582
15,2868
7,1613
8,6124
14,3169
14,6768
8,4667
6,9166
9,2184
7,6477
12,6215
10,3373
12,5614
10,6611
8,5349
13,432
18,4371
13,5650
10,9159
7,3049
15,6700
11,340
10,965
2,7453
8,2468
4,7715
18,1113
2,1070
6,9297
15,3793
9,6935
13,2012
1,3013
9,865
18,452
8,6428
17,5968
2,1582
9,2553
5,8739
12,5047
11,2236
5,1825
17,1755
17,5513
13,3896
15,6012
8,4188
9,4336
15,8415
17,3474
11,9265
14,1345
17,7425
16,8381
11,6213
3,2014
6,824
11,5425
7,1410
10,8615
7,7127
4,6989
4,689
1,6049
18,2960
12,3923
5,557
6,5222
18,500
1,6802
12,1748
2,6371
17,6305
4,808
18,6280
16,5622
7,877
11,4325
7,6330
10,6174
3,4053
6,697
14,7470
8,9912
17,8707
2,9653
15,2894
11,1485
7,4123
9,2027
15,8671
15,815
3,7226
12,8244
6,2101
10,7704
3,1992
11,6043
10,7492
7,4925
1,2674
14,4440
9,3773
6,4036
9,6183
16,506
7,4100
14,9122
17,2465
8,1637
4,7709
5,6965
4,4461
13,7479
13,2681
5,3777
8,629
6,220
12,27
5,6169
9,9327
16,5835
2,6575
5,4900
10,455
18,2224
14,3529
8,3934
13,4465
16,4373
2,7918
3,9774
2,6937
7,7613
15,6533
10,7812
16,8517
17,2821
7,2641
7,4265
13,9517
11,316
15,4190
15,1458
6,6543
2,7752
9,864
5,7877
4,3952
13,4563
6,4993
16,8221
5,522
4,9927
7,4531
7,2751
5,5037
16,8751
4,4761
18,1720
8,4221
3,3935
2,8261
1,2227
6,7017
2,9500
4,1232
14,138
6,4678
3,3132
13,4804
7,6247
7,4644
11,6068
10,7220
3,4408
2,7433
15,2929
14,2996
11,7144
12,2729
4,6692
2,2949
10,2040
14,9282
17,3855
4,1323
3,9917
1,1769
7,8847
10,2304
2,3185
1,4745
5,2400
15,6985
3,7254
3,2818
4,5245
9,4791
5,978
17,3395
15,2663
8,7263
10,905
2,2374
2,7135
18,3434
3,2888
1,2342
3,8065
10,4171
9,9375
4,864
12,4226
5,8689
9,9596
15,4015
15,4322
15,3930
1,6362
7,3482
8,1365
6,6031
13,4947
6,7497
16,3722
14,4642
8,9054
11,2391
14,9856
16,2666
11,6387
6,8014
18,6347
17,9618
11,331
11,3871
11,8673
12,5196
10,6016
2,1747
5,9749
17,3174
2,1635
8,1444
13,5674
9,5837
18,3089
17,9585
9,1387
7,5484
1,1550
6,864
2,9940
13,8332
3,1827
17,4477
7,7114
11,6967
16,5548
14,3530
8,5401
11,8851
18,5082
2,4510
12,3577
9,8311
16,862
17,2005
14,527
2,5488
1,139
10,7838
11,7542
12,9967
13,4632
5,2422
9,1499
6,381
16,1480
1,1138
10,7250
2,1592
13,9492
16,4442
1,2113
14,4203
12,9058
17,2180
15,5868
6,5589
3,5774
2,7528
7,5935
14,4816
18,9164
1,9143
13,6380
3,2693
3,9334
3,6701
3,8486
15,4306
9,147
3,5922
8,7631
8,8788
16,6359
14,5436
1,7560
1,6156
18,7430
7,4099
5,8552
4,1695
15,4354
4,6025
5,9448
10,4628
5,5208
1,3533
18,4589
6,6432
5,6845
13,6178
12,2656
17,4473
16,3557
16,9772
17,6518
17,3071
13,6044
11,3994
14,1249
3,4056
7,4715
15,735
1,9405
4,9001
12,9414
8,3020
18,4036
4,5679
8,5088
9,5222
8,3882
10,4518
4,4322
5,364
6,4032
16,3727
8,7442
7,482
9,7868
17,6565
8,4509
2,4207
18,4431
12,8743
18,1534
16,5086
14,7584
1,9750
18,5418
5,1837
9,3334
1,5620
9,998
2,8754
15,2925
9,2201
13,6858
10,4028
2,6997
8,155
5,8225
17,3165
14,4496
13,5812
16,1088
6,252
14,2681
10,7436
3,4181
4,7611
4,4305
11,3026
4,5863
18,5339
13,9627
3,5509
1,4671
1,8469
4,8462
17,7404
12,5847
7,5494
13,360
17,4714
8,9904
15,4833
8,919
12,1661
7,9004
10,1131
13,8915
12,3173
8,89
6,8650
18,3122
18,4264
3,1742
15,6691
10,4506
3,44
17,1719
5,9961
4,6915
11,6781
18,3919
6,7262
14,2772
13,1058
7,8156
10,4322
4,3231
8,9862
12,1345
8,4054
18,3169
1,2192
4,2139
13,3797
4,5543
15,2220
11,7685
3,5912
17,8401
18,2213
17,6912
7,2554
1,1509
7,7894
16,3222
12,2942
17,1968
6,8302
11,5653
6,773
14,5910
7,2165
17,6237
10,2512
9,1884
14,7043
5,1438
11,89
5,1053
17,6222
4,5536
14,7306
5,7083
2,6989
7,7270
15,1219
10,6266
14,6584
7,271
1,2768
9,3651
3,7850
7,7016
13,727
18,4307
16,5417
9,1133
14,1036
10,4367
13,8115
7,2527
5,6672
8,47
8,5084
13,6089
16,9278
8,462
12,9772
14,2526
16,2626
3,5271
12,1446
11,5128
12,820
4,5058
13,2320
15,2729
7,8025
4,1939
2,2539
9,1478
16,6856
1,3095
8,4124
4,7116
6,2136
13,7368
5,5126
12,9453
5,2208
18,4230
3,4271
15,1474
12,7606
11,1966
6,3616
14,2429
7,4896
2,8872
13,3889
15,9424
11,1568
18,2353
12,3313
18,9099
17,2838
5,3629
3,4118
6,1123
12,2043
13,2844
11,8230
7,1017
17,4298
5,3089
8,4689
10,8428
15,7219
15,2855
6,8069
6,6207
11,1552
8,998
1,184
17,5999
5,4988
5,4084
3,9617
12,4047
6,9464
2,9403
14,1030
13,1506
5,2811
4,3467
3,1858
1,5452
10,1004
17,539
1,5170
3,4765
9,4073
4,7214
13,3139
6,1533
5,2855
10,7372
7,2515
1,8368
13,7699
16,4339
13,2741
4,5621
8,7766
14,4132
18,8811
14,3627
9,39
13,2827
11,9068
15,6303
12,8585
3,2708
12,369
6,6315
5,61
14,2953
12,8672
12,3605
18,4623
15,789
13,4614
2,9679
16,2062
17,8556
4,8456
5,9861
2,3563
7,2340
12,7723
5,6580
3,9208
3,6013
15,241
5,6957
7,6052
17,3204
1,2547
16,7873
5,9633
16,96
1,8314
6,2153
15,5597
12,4508
18,2032
16,6493
11,9726
6,6826
8,2211
5,3460
14,212
17,5635
10,8982
8,7439
5,8493
16,4392
18,1733
5,6358
17,313
6,277
15,8819
8,1551
8,3744
5,5811
14,7809
12,2451
9,4136
7,9379
14,4698
14,1047
10,4397
7,4635
10,9136
5,9217
11,4988
5,2338
8,3802
10,1731
17,6761
17,2100
10,3577
8,7242
8,4454
7,893
12,6535
11,9012
14,8669
3,9856
5,4440
3,3316
7,5719
3,9452
4,3004
10,3317
6,5907
6,6516
6,2212
12,7560
7,9135
4,6155
12,2330
1,5443
7,68
3,1062
2,9123
9,2791
13,883
12,6188
6,5732
15,8790
10,8069
12,722
5,1846
13,5387
2,6672
4,8172
12,4564
10,4193
6,8106
8,8483
6,6399
18,9019
6,1417
12,5438
15,6504
7,3091
11,1976
16,1665
7,1821
6,6377
7,8584
8,500
6,9301
10,3191
3,4195
1,7879
8,2588
17,3991
6,1034
13,8097
6,7265
2,6699
17,4812
7,4394
15,3525
2,4077
7,7581
12,9897
6,5165
13,1382
8,7790
17,2224
15,7940
7,1329
8,5076
4,9036
1,3429
14,4234
9,4847
12,2577
15,69
11,1164
10,299
1,5479
3,7912
15,3411
13,6956
1,9496
12,5958
13,6147
5,2720
1,4179
3,5240
16,8319
13,6566
16,7884
3,5333
9,6417
10,8005
17,9223
8,2011
14,2697
7,1091
2,5126
4,5065
14,5241
16,2746
15,1870
10,3405
12,7400
5,7153
17,3896
6,1340
7,7052
15,2498
4,6059
3,9163
8,3519
13,6374
6,8524
12,4132
6,5187
9,6158
12,9009
2,4999
4,7604
18,3399
16,4856
18,700
2,9023
10,771
6,7494
10,9479
15,5352
5,8391
1,3100
7,6902
11,6349
3,6003
1,5802
6,4885
2,9946
13,8987
4,3359
1,4445
17,5375
8,3937
15,7502
11,8690
6,3955
7,5376
12,5235
17,6564
12,1005
3,7171
1,1831
13,2349
15,6187
9,5182
6,9863
5,50
18,4690
10,8831
8,2867
14,7851
6,606
14,7703
16,3041
6,1406
5,2908
18,4954
15,2387
7,6042
10,1044
6,3058
6,5618
8,1561
12,6744
10,5622
17,9895
13,6282
1,7977
16,9985
3,5633
14,5974
11,6448
16,1269
15,9717
10,5986
8,4231
4,2562
6,7710
2,9158
18,1530
11,9141
18,308
16,3063
11,4534
18,24
18,9709
1,6804
10,8382
8,7944
9,1799
17,724
16,3939
4,4166
9,8901
6,7700
11,2372
12,4414
8,1672
15,1144
8,4428
4,5846
17,3280
14,5435
1,4690
17,1840
2,9139
5,6548
4,9630
15,8282
3,3092
3,3371
10,9035
9,2699
18,9513
11,2592
10,5132
8,4648
10,2710
3,1443
1,1358
17,5531
6,4395
10,9281
16,7141
12,9495
3,5082
11,6824
16,3708
18,3933
15,4339
5,5782
14,1431
3,2628
1,8807
1,9137
18,6977
13,2442
4,6891
8,2422
11,2352
4,289
7,2353
13,4534
16,7167
6,6714
9,4634
7,2994
17,6739
13,379
12,9473
6,1282
8,5047
4,9884
10,7945
7,4797
16,9527
17,265
8,8232
18,683
3,4745
1,7628
2,8789
16,4075
15,2443
18,1673
12,3202
8,9952
10,6051
12,2853
3,3056
1,6370
2,7564
2,5520
9,8554
4,4812
12,327
8,9400
4,8348
12,1839
2,5558
13,9579
15,9088
3,2125
1,1946
2,1470
14,6657
2,6289
3,926
16,7961
15,416
9,841
17,2670
8,4592
11,7281
16,4493
4,3343
16,6608
18,5206
16,5344
11,1978
15,5255
13,4578
13,1777
12,877
15,3472
2,4149
18,4218
8,5130
8,2079
10,6613
5,5283
13,7862
5,456
4,7774
13,9437
13,1883
6,1383
14,7046
4,5071
14,6978
14,6205
12,1298
14,6821
9,2215
2,1816
3,7303
18,9602
18,5375
11,2248
16,1370
11,1072
7,3004
1,9186
3,1042
1,7752
3,2361
6,7034
9,5972
5,5558
15,3232
5,7887
7,2501
6,8315
15,6052
5,909
13,5127
15,9698
14,572
8,9159
16,3561
4,9263
9,5664
16,2559
3,5388
2,1217
11,7330
6,1291
2,3981
14,6901
15,7780
4,5038
12,2027
8,4977
16,6884
3,9826
3,3299
18,6872
17,9637
8,4797
10,5778
8,748
6,8946
9,4077
5,6072
9,8434
16,5492
14,6091
14,1629
6,5336
9,3171
10,5001
14,9084
2,8822
4,9108
9,867
5,4204
4,7060
11,9189
10,1523
10,7236
1,5694
13,6979
7,1693
17,3920
3,378
7,2867
10,9754
1,4032
14,4833
3,1208
6,7303
2,7818
11,9770
2,9053
8,332
14,3901
16,7084
2,998
18,2705
13,8048
5,6091
11,5323
5,7691
10,7115
18,6415
16,6193
15,6603
16,6566
6,7311
9,9553
2,750
6,2114
14,9876
8,1879
14,1832
6,2903
3,7246
14,2362
1,2180
14,1653
18,1928
10,8413
10,6596
8,9016
11,1013
2,6366
16,1197
16,3849
11,334
14,7975
12,2369
3,4005
18,6785
5,8319
18,3184
11,423
18,3310
15,1619
12,9153
6,8127
7,5408
11,8960
15,6722
8,7004
7,1775
12,2141
4,4557
13,2060
14,3584
18,8083
13,6811
18,3823
11,6278
10,5289
14,9704
6,4539
12,9667
14,5158
6,4994
12,1252
6,1216
17,1829
18,2316
2,7478
5,2274
4,240
9,3608
10,3986
7,5378
13,1170
9,5616
10,5191
16,8353
7,8690
9,3096
12,1820
14,9965
15,7900
5,5455
17,8557
17,7614
7,7450
15,9267
6,8573
17,160
1,6977
11,5547
4,7581
10,7664
7,8974
8,4642
11,5333
8,8271
15,4587
14,6222
16,5710
15,1927
6,6936
18,9405
8,6862
6,2547
3,1804
14,3559
7,8539
8,6419
1,4511
12,9795
13,1526
12,8580
7,1696
15,419
5,7939
13,5591
1,651
9,4251
13,9566
5,6264
8,243
17,7406
5,7428
18,2469
15,9920
16,68
1,2944
11,8181
16,761
2,6395
1,6479
11,793
4,4871
9,3810
15,600
12,4986
3,6789
12,3218
8,2482
4,9383
15,1337
2,7341
2,6424
6,287
16,3210
4,5381
14,1069
7,7174
15,4869
4,4108
9,9048
1,3179
7,2140
11,9753
10,2525
11,983
4,4363
3,2164
16,8684
13,7380
5,9212
3,8715
14,7715
10,8651
15,8225
12,2801
18,3429
13,7197
9,142
1,3395
3,7718
10,4269
5,9670
3,4123
10,2954
9,8985
11,3358
4,6716
6,8431
17,9020
7,3042
4,6750
16,5081
18,6462
2,1023
13,6412
1,997
17,3181
18,4671
18,249
11,5090
7,5458
17,5622
4,419
10,9356
7,3143
1,9360
14,1091
13,3915
16,3425
13,8943
17,3258
7,189
7,9265
12,7747
4,9518
8,298
10,8009
8,1566
6,6828
18,6920
2,4949
8,8001
5,3547
10,6579
3,7669
11,2610
12,2561
2,9835
3,6590
2,3672
6,4937
14,3741
6,1938
11,5787
17,1870
18,3735
8,2176
5,6995
7,1186
18,8470
4,4342
6,1026
2,323
16,7859
7,840
11,3172
8,9634
16,5181
5,1453
1,6820
17,184
2,4558
3,9138
7,2179
17,7581
15,3336
4,3195
14,2866
9,6166
5,4420
16,6395
9,4707
17,5093
11,3337
4,829
7,5124
15,9586
2,6478
3,9681
10,5633
15,5979
1,892
1,9991
3,9631
6,460
4,9652
14,9928
9,9850
9,2565
10,4563
8,2973
1,1189
18,8680
8,7250
10,4729
4,2968
3,7862
18,5500
4,2750
12,6009
5,3375
2,9103
4,7921
16,551
1,2608
4,8731
1,6190
9,5965
17,2315
2,1160
1,1125
1,3061
18,8348
5,8211
15,6192
14,117
10,9756
18,1096
6,5540
12,5674
2,4801
18,9683
10,6801
8,5060
3,4382
11,7801
1,5757
15,7765
12,7644
17,3207
18,7103
11,214
8,4768
6,4721
16,2886
14,4068
12,6799
2,569
18,6524
5,2863
6,984
2,8118
2,4255
2,8970
12,4955
13,7456
5,4279
5,6184
9,5449
18,7183
9,7087
6,2002
11,8718
4,6841
15,3857
17,6713
2,7700
9,6707
12,9320
5,1763
9,2572
1,1110
6,3227
17,8205
16,6922
7,1351
16,7172
6,1089
5,8121
16,7002
5,2176
13,3423
14,9706
14,9801
2,870
10,1698
9,6331
14,329
3,7462
13,3065
6,572
11,2108
14,8006
9,8871
3,7258
10,5337
14,5719
8,1546
4,4059
7,3737
6,2446
4,5357
9,8960
16,9901
3,4140
6,2301
11,8114
12,2478
4,8095
7,9730
8,2464
14,3232
4,3690
9,6689
6,7880
8,231
5,7710
13,9810
9,1242
1,8032
9,3371
17,4679
14,2562
1,1554
2,3608
12,717
3,312
17,7292
17,469
3,446
3,8387
17,7765
1,6561
3,6935
9,201
2,8254
10,4824
5,1932
14,5255
8,9766
2,3705
6,2248
3,2584
15,9635
13,2597
18,1350
2,3085
15,4262
18,4158
11,8614
3,3399
11,15
1,3131
14,6804
13,2671
7,3888
15,9871
18,1738
18,7659
8,8522
13,960
17,9737
9,8041
3,1067
18,6541
18,2776
3,3035
10,3733
15,5005
9,3410
9,1324
8,7211
8,5129
9,9106
13,7711
3,6896
15,5704
14,7688
8,4189
6,3900
4,3279
11,182
4,9874
10,7058
1,9290
9,8008
1,3160
18,6329
2,6474
2,3385
8,5260
18,2915
1,3201
9,295
11,845
10,6824
9,8559
14,9767
14,4678
8,6975
13,6112
4,5118
14,5281
10,7879
12,8460
2,3600
2,1680
8,6456
12,1989
15,778
17,8049
2,5187
14,3693
13,4094
5,3612
11,5999
8,7969
18,7329
3,1266
4,4202
12,9051
18,1760
13,262
9,7067
15,227
15,2439
2,2182
13,6480
1,2970
2,76
18,7464
9,1958
18,788
4,6789
4,774
14,5676
3,6749
8,4784
8,642
6,6728
9,2197
6,2955
18,2398
6,7805
14,4781
8,5892
8,6449
12,132
12,2800
18,4295
12,4170
2,7749
17,3249
18,7253
7,4964
7,2794
11,5960
7,2899
16,5397
15,8004
17,1583
12,1853
11,7421
6,6727
15,4267
7,8157
4,3355
7,7849
7,5480
3,4150
1,8881
7,2477
5,9917
10,4580
15,9254
8,6113
11,186
14,3347
15,420
1,2615
1,4008
7,1974
12,6473
5,9158
3,4577
11,4181
16,3770
4,1741
4,5170
14,2089
18,4742
11,2992
1,7205
7,6975
17,9536
18,7572
17,3777
13,355
14,2605
12,6226
8,9438
10,3382
14,160
7,3677
2,4291
10,9931
5,3667
7,863
1,669
17,7750
8,4114
14,2072
18,2792
11,7249
4,9894
4,9102
12,6975
5,3224
2,8303
12,854
6,1998
10,5529
6,9658
2,2767
15,3560
13,1485
3,5535
15,1383
11,4770
13,1621
2,7454
2,9000
18,8254
14,3861
1,8500
5,8878
5,9830
14,2675
1,5535
16,7225
10,4545
11,1302
3,2492
3,1299
11,5282
8,3701
17,4765
10,3039
6,1260
1,2465
15,3335
2,3282
6,9338
1,2908
9,7392
15,7812
7,8734
2,8713
11,927
11,4624
10,4727
5,7946
10,1494
4,579
3,2211
11,3783
16,2437
6,6683
3,7413
15,4964
4,4119
8,2485
3,2426
4,72
6,1581
5,3083
16,7693
10,4636
7,3458
4,6184
17,7413
13,9055
2,3262
8,3754
13,5618
16,7068
10,9822
10,4879
16,1550
9,8764
13,8147
10,4617
14,5629
6,3333
16,440
14,6022
18,571
15,7794
15,675
6,2956
6,3100
3,1692
6,48
9,7086
3,9969
11,4459
2,6895
15,6485
4,9711
13,4175
8,2913
18,3043
18,7795
17,8121
5,9969
4,8177
11,2065
8,6321
16,4886
14,7993
1,6943
8,8950
6,6329
14,6887
7,4673
16,587
3,6074
12,5322
5,7246
18,296
10,4071
6,2149
10,7395
16,1785
7,7956
14,7912
14,1263
8,5566
8,4010
4,9796
6,1577
12,4984
5,9510
15,2941
10,4434
18,8951
11,9199
2,5556
15,5944
8,3212
12,980
8,6541
11,6119
11,1910
8,8813
17,5985
18,631
6,8921
7,2320
2,2687
7,2253
11,5897
1,6583
17,3735
10,1262
8,4238
14,9026
12,7916
3,8506
17,5650
10,4661
10,6734
15,4733
10,9303
1,7583
11,107
17,1495
13,3618
5,217
13,6650
1,3372
3,1668
9,8915
16,4762
2,6976
12,2030
13,2380
7,153
16,7659
14,4280
3,6554
2,8363
13,7048
5,375
8,8699
14,7734
8,1716
3,813
6,3215
14,5583
12,1945
18,9587
12,2050
17,7878
12,7072
14,1335
18,979
15,3506
2,1141
16,5741
10,9578
18,5187
6,1024
6,5711
14,7464
12,2813
7,564
3,9546
7,7279
12,3384
1,131
4,1463
17,4483
15,5164
11,2935
15,8406
18,707
10,8006
13,4353
13,6171
8,7374
17,5648
16,5569
1,9382
8,5146
2,9220
1,9402
10,4296
14,5746
7,7154
16,9815
7,5116
15,4455
4,6077
10,2709
3,9224
1,6519
1,9085
18,9614
1,9180
18,2458
3,2135
9,255
14,9052
15,3877
10,3106
5,6297
10,7012
8,9339
18,3790
11,6054
7,247
11,6422
4,8124
3,7533
18,9029
13,3364
2,3519
9,3091
15,9371
4,8249
18,31
11,8623
17,9061
14,7532
8,833
17,5467
11,3992
11,4736
6,1162
14,2988
4,5764
1,6091
9,2603
14,1637
3,3578
3,5071
6,8892
10,6931
17,5774
9,6629
10,8051
17,8481
2,2289
11,3565
18,2744
7,8997
3,7139
18,9732
12,59
9,6542
5,8410
10,7103
13,2000
8,5793
5,2599
4,5797
10,591
8,7503
6,2175
3,6399
8,7149
5,8594
4,7669
13,7354
17,833
8,1295
8,6183
14,3115
10,9636
18,348
3,5447
4,6183
1,2508
16,4878
2,2230
15,5931
13,3865
17,3669
5,2200
9,116
14,8429
1,2884
11,9930
1,5446
11,5761
11,7910
5,5731
1,8261
15,3709
3,8197
16,3945
17,9128
17,1225
18,4437
9,6580
4,4090
2,7102
14,7070
7,2707
12,6050
7,6605
17,6955
16,5939
2,3968
13,5956
13,9879
4,6282
13,5989
13,2923
7,1274
7,6999
17,5805
3,7165
5,3153
7,5830
17,3840
7,7763
5,9430
4,8750
11,469
16,5678
6,3493
9,5227
6,6596
6,8141
16,3823
17,1441
12,3622
17,7601
9,4097
2,9749
8,1799
10,507
13,1014
15,8393
6,1729
18,7808
11,8398
4,8325
3,2316
2,7291
9,7127
12,4342
2,2206
18,3641
8,7997
10,9791
16,4259
15,5579
1,3682
5,8087
3,7221
16,9608
5,1531
1,1906
12,5316
3,7200
4,6697
14,6516
17,8094
10,388
10,2275
2,9533
18,6007
18,1441
1,8126
6,5044
4,3436
4,3079
9,5040
1,3715
7,9764
18,4748
15,6040
6,1719
16,5565
6,7829
4,245
11,8305
7,744
2,1250
14,7047
7,3040
8,1571
2,381
6,3449
17,1786
9,8032
14,9266
12,7029
9,7957
10,628
12,4787
12,2397
2,2483
17,4607
9,8403
15,5408
15,2312
12,7340
3,6573
5,8274
15,9372
6,5052
10,6951
7,6728
12,389
2,6302
11,7990
12,7061
5,9009
12,5924
8,4100
1,9699
17,8020
16,4087
16,7956
2,9641
2,3688
7,5927
5,8749
14,1235
3,8241
6,2844
17,984
5,1774
10,9073
10,5013
2,2164
12,2906
9,4399
1,2443
3,5175
5,6102
8,6079
6,9241
8,9320
9,8676
16,9718
6,8502
11,4036
6,6741
1,9064
1,3892
7,4658
11,6496
3,5409
5,4413
11,8865
6,10000
10,6790
1,2503
7,9975
10,700
18,618
14,6869
14,7656
11,459
15,9703
10,5729
5,5749
4,3876
11,1602
14,5200
4,5683
14,2481
14,2217
2,6218
14,8856
7,6461
3,8918
12,2526
1,1016
15,482
11,7515
16,2716
6,550
7,1819
12,7987
2,5723
14,7667
9,9515
15,4912
16,1935
2,7220
12,9698
4,337
17,769
3,7329
4,3516
4,9714
10,4201
5,7156
9,2321
4,933
7,7992
13,4618
16,6082
15,4369
9,8638
14,2469
1,3784
17,5493
15,7049
11,8336
11,2484
4,4719
17,2407
14,5805
11,153
16,1355
14,8924
6,6829
16,6858
6,6730
7,9794
8,7749
17,4315
3,840
15,8529
11,4239
4,1816
13,1707
7,6795
4,2183
18,6674
9,9888
3,5586
5,9867
11,772
9,2750
17,1789
11,5297
1,3795
8,8936
10,1762
16,838
12,4165
7,2136
10,8390
5,4585
8,337
5,4652
12,3585
7,6045
15,2098
7,5008
9,196
10,9156
12,6164
11,2327
10,773
11,4537
1,7899
17,2048
15,5220
18,8806
4,4074
13,4739
12,6006
2,9373
11,8840
2,5086
11,3617
8,2133
16,7144
1,4415
3,1819
1,4004
1,360
6,2329
4,7211
18,5805
1,2369
7,3854
8,9096
16,664
2,355
5,7839
9,8814
3,8000
5,3908
9,4218
1,5739
14,7457
13,3968
9,7425
2,365
9,1656
5,7169
16,735
15,1796
14,1502
16,5727
8,6840
1,6048
2,846
2,5045
11,3479
1,825
11,7630
15,4949
16,1473
13,468
13,2081
6,5215
11,259
18,5071
18,1103
12,4963
18,9368
11,3046
9,3073
6,8786
6,5737
5,6332
9,8002
4,5991
13,4774
3,2462
8,4914
1,1315
16,4769
2,8234
15,4588
15,3480
9,3031
4,5681
18,7441
13,7026
3,3757
17,4940
13,2644
9,120
11,1782
2,364
15,6478
11,1222
9,3631
9,7480
7,7779
7,8504
10,3967
9,3698
15,6430
15,3129
6,6100
1,558
13,9433
13,538
10,6774
8,6564
16,7899
3,8667
14,8768
13,7602
1,6964
18,7848
6,191
5,5955
18,4548
18,5996
3,4198
15,9720
5,9033
1,3293
2,3821
6,3204
14,1749
9,1719
17,9808
4,8098
17,9290
10,3498
17,5532
1,2858
16,1926
18,6847
13,2883
2,4053
9,7291
13,450
15,243
3,5168
8,4161
14,5761
11,3889
6,2408
3,658
6,7019
7,6117
16,2309
2,5031
18,2067
13,3820
11,535
13,4350
18,1644
11,6808
16,5689
17,2978
10,948
2,7183
3,1355
12,3579
6,635
6,9830
5,1862
4,1885
4,6049
10,6567
11,5118
17,1651
13,2907
5,5451
1,8793
10,4213
10,1851
11,2924
13,6829
9,8011
9,7035
16,4547
9,4338
2,2430
7,3751
17,5431
17,8154
11,5546
4,1338
13,8159
8,8548
9,2955
10,8077
11,9400
11,2538
18,322
6,2350
9,2365
7,8279
1,9565
15,3362
18,6011
14,9262
1,2250
10,4217
8,8450
12,1218
4,7787
18,3051
15,5365
5,9802
7,3961
12,4240
8,8904
2,2443
3,405
3,2837
13,8914
15,8358
13,7137
14,8109
9,5014
7,6027
3,8566
12,3523
4,8889
4,1928
18,235
1,8977
16,7893
12,6976
15,5488
9,49
1,6412
7,43
17,4959
18,8722
1,9275
16,4908
12,6036
10,7809
16,5479
6,184
8,9723
17,5578
14,5383
4,2746
14,5367
1,4463
13,3036
9,4
13,2508
7,3623
5,2805
15,12
5,117
10,3355
18,5550
16,7587
9,5498
16,2770
8,9751
11,9018
17,4551
9,7723
16,2239
11,6350
8,1219
5,5098
13,1180
7,8517
10,8928
17,2267
6,7711
18,8175
11,2638
6,2480
2,3410
10,2330
17,2292
11,5624
3,2450
15,6857
7,9738
16,676
8,4429
18,4263
5,3889
1,8874
14,2278
10,3344
17,8248
11,5582
4,3440
5,8248
2,2610
10,4582
8,7741
18,3848
2,5702
9,6929
13,7042
1,5020
17,4060
8,3255
10,6453
13,4587
4,3834
17,5226
7,2569
18,7016
8,4275
13,6923
5,6680
9,8142
9,7503
15,8841
11,6108
2,8909
10,6791
2,5846
2,1794
1,1992
5,9248
15,1404
15,2469
4,2370
5,5016
7,6221
18,3098
1,6890
1,3848
11,3527
5,1265
15,185
3,9401
7,1177
15,6707
18,9833
8,8181
7,7386
8,4789
18,8046
3,6636
11,3983
4,4772
17,337
12,1251
17,7817
16,4098
14,3401
15,1967
3,5293
4,7503
14,4892
12,8037
17,3811
10,8788
1,7428
16,7437
3,5226
2,23
5,2384
12,4812
2,7932
4,4589
4,2081
10,1946
5,6062
17,642
7,9928
13,4782
6,3549
15,7398
14,3301
8,801
12,1386
4,1301
6,4064
4,7293
10,5334
18,3207
2,4212
4,160
4,7494
4,2689
1,515
18,9287
17,4158
15,4054
18,2831
5,379
9,6327
14,2990
15,8197
7,8451
18,505
11,5014
18,7383
16,9451
6,4650
1,6239
16,4890
17,9252
10,724
2,1122
14,5694
7,2118
17,1325
15,4480
3,3841
18,4198
10,5064
11,3134
17,9974
12,4079
7,5940
15,2527
18,5884
17,2656
1,7678
4,467
3,1718
8,6298
4,3987
10,1708
12,5979
7,2590
16,5304
17,7525
12,8841
10,3109
7,7708
13,7022
5,9657
2,6466
11,4442
5,9434
12,6742
7,9005
16,5178
6,9059
3,4455
18,7543
1,9735
17,2474
3,1342
17,6494
11,2079
4,852
6,8984
7,1078
5,2647
12,995
10,634
2,2947
3,1770
6,7326
9,9753
16,5299
4,2780
12,2450
12,7827
2,426
17,8257
9,4457
18,1687
4,7046
12,9680
1,7957
14,5338
15,7345
16,6177
2,6039
2,746
4,3879
7,6625
6,3426
11,8325
17,8444
2,9041
1,1659
10,2600
9,4080
4,5431
4,1065
16,243
12,779
10,4754
18,4209
4,3204
9,9542
3,1363
16,1885
5,5640
6,4870
5,1310
11,7845
18,794
5,7912
2,8412
9,8064
11,1248
8,9807
13,9741
18,8586
17,4876
9,7305
18,8421
3,511
3,5669
16,8842
16,7044
4,5332
18,3830
6,1679
11,9807
3,1491
12,2768
12,9422
9,4254
2,7711
18,9023
7,1543
17,5803
8,8828
6,2288
4,3090
7,858
2,4360
15,8297
7,1053
7,7274
13,226
9,664
2,9471
6,6281
6,1888
9,409
14,9378
10,9143
18,301
16,8018
11,2081
10,341
5,4305
15,9519
1,1043
9,1617
2,2157
7,3635
11,7003
12,929
10,8978
6,7698
13,4148
6,424
6,8513
16,4452
10,9083
8,8494
8,9118
16,4322
12,2782
4,661
1,6534
1,304
14,9134
15,8150
1,6837
4,5594
14,7442
7,7564
4,9969
5,8482
13,646
18,7683
9,3391
2,3270
10,7343
17,9373
8,6891
17,1075
18,6034
8,3006
13,9300
6,8924
14,3329
10,2481
4,3650
2,8873
17,4754
14,7511
1,3992
7,1794
7,8627
16,2470
9,274
6,9544
6,7557
15,3944
16,8254
7,1511
3,3622
8,377
7,2342
4,2303
13,1994
13,7903
5,8642
12,9033
10,3075
7,3986
12,2652
11,3838
15,5075
2,1168
17,9427
3,4753
17,9556
12,2405
10,4370
15,200
8,2993
1,7839
15,2154
9,9479
18,6966
6,8155
6,6644
6,2277
11,4753
6,581
9,8204
4,7798
1,7544
1,9414
13,7357
5,1847
9,4568
8,9378
11,812
12,7479
3,3226
4,5487
12,7163
9,9331
6,8777
18,9366
4,6960
11,387
2,2047
12,4853
4,4666
6,3066
13,4428
10,6827
2,682
12,9829
9,7134
9,2887
10,529
18,617
4,3295
10,9387
1,1251
16,102
12,4488
3,6783
6,9741
3,2105
17,4729
5,9373
1,1812
3,7716
8,2858
7,5823
9,2012
17,1637
5,9966
1,6814
6,1428
4,3471
18,8309
14,2247
4,434
5,7435
14,9335
9,7753
8,8011
17,2306
3,9172
1,4921
6,1146
1,1637
10,4332
17,4511
6,152
6,8572
7,4
17,3004
17,1584
14,4412
5,9658
11,6933
9,1861
10,4900
5,1656
14,4102
12,9629
12,9288
18,624
16,6475
16,4637
16,344
16,52
14,2376
15,8462
4,4121
10,9629
9,9489
2,7959
16,8740
2,5637
15,2980
16,8248
16,8509
8,4522
18,1458
1,187
14,7670
1,2569
7,8544
9,9614
11,6549
12,5571
4,5977
12,1380
8,2838
4,642
6,9946
6,8459
5,6268
11,3849
9,540
9,1066
16,8727
15,3486
2,6200
10,168
9,1700
8,4127
12,7114
17,1876
7,6457
8,6056
17,2288
15,9114
11,4825
6,624
1,6455
11,2607
10,3882
7,6931
5,9231
14,8479
14,437
7,7522
8,6476
13,1865
7,5152
17,8232
15,497
5,9168
6,7236
14,4007
15,7538
15,304
18,3857
9,1258
13,9928
14,1311
17,6669
17,9823
4,8579
7,7142
4,5145
6,9635
7,1863
18,3727
4,9344
12,7316
7,3268
11,1078
13,6840
15,3303
8,4580
15,1064
13,8999
5,6590
9,4545
5,2595
13,2498
13,2417
16,1586
9,1013
8,5936
5,9976
7,8490
10,1516
13,9866
7,8625
11,8632
17,14
15,8545
4,4887
11,4519
14,6936
4,2685
11,2112
8,1545
14,4254
17,2150
6,7005
2,3165
5,7164
14,1711
11,63
17,69
1,9806
11,7795
6,2007
10,6336
1,2301
10,798
2,78
2,4872
15,1514
4,8604
18,2868
2,1701
9,4471
13,6048
9,2322
2,3642
4,3738
6,9215
15,7701
7,4247
2,5996
9,4151
2,4877
1,3047
13,6151
15,415
13,5877
13,2411
14,6661
14,3560
17,9703
7,3337
14,892
18,8631
2,7006
1,2385
7,8771
2,507
3,9245
10,5111
6,3774
4,8397
6,4227
3,7278
16,9621
18,2562
11,5003
14,1101
10,3642
15,4148
4,3123
17,9543
10,6408
4,6661
9,1661
7,8122
12,3497
9,130
11,8554
3,6
18,7811
14,3111
17,5447
10,6121
17,2954
5,2474
9,4181
6,1910
13,7416
18,2127
16,49
17,6917
3,7466
3,5557
14,1
5,9703
3,5446
14,9264
5,9809
18,857
14,9093
14,6556
16,2785
12,2687
6,4580
2,1380
2,191
8,4969
4,7456
8,2529
16,8055
12,3270
11,7518
11,8631
18,8752
17,2981
12,2128
18,100
5,1356
17,9786
13,1245
18,7406
13,1587
5,6665
9,1519
1,4711
8,2887
6,1974
6,866
14,9243
13,5588
11,4743
5,3680
9,3442
8,5948
18,6802
4,4977
7,3255
12,913
9,9667
11,457
5,9989
12,3272
10,9343
16,2151
3,4464
1,4208
5,3582
2,2645
13,7271
17,1598
17,6579
10,3796
15,4848
1,5942
12,8968
3,2337
1,7773
4,8024
2,5783
9,5003
17,6378
15,6174
15,6793
3,623
7,5973
18,3570
11,3228
12,3878
18,2963
9,4689
3,450
5,5657
18,2249
1,8298
12,6257
2,7305
5,8272
14,2215
11,6810
10,6398
14,439
7,2514
18,2863
1,711
6,9848
9,5418
11,1312
11,562
11,1692
3,6785
16,1259
1,4468
13,2425
5,8020
3,5635
2,2268
2,6759
6,3110
13,8253
12,5010
6,2763
5,7776
11,3759
11,9040
5,5366
13,305
11,2343
10,1575
5,9671
17,7260
13,3319
18,8371
7,999
1,9877
1,9300
9,1297
12,1789
11,217
14,730
13,5644
4,978
7,2207
13,9413
4,244
5,4605
2,8785
11,3758
2,7771
11,6334
17,9612
17,4276
4,7269
1,2496
13,6174
3,2405
13,9563
16,6404
3,41
1,5727
14,3015
14,1678
13,4388
8,5384
4,7862
7,6948
12,3449
18,4020
8,9073
15,4573
15,894
18,1583
2,6646
9,5777
16,8336
8,2275
11,3464
8,5189
4,7058
7,9549
9,3483
9,2817
17,44
2,1300
15,1401
4,1265
12,86
8,8287
10,45
11,1429
3,5146
17,7638
17,6064
10,6386
3,6795
3,5424
18,376
8,9466
9,8964
14,1293
3,2179
11,2
11,6298
5,6034
11,5919
6,921
5,5270
5,8706
5,8101
3,1644
7,8142
2,3111
13,4335
6,6892
1,9358
10,7931
9,535
3,2935
15,9853
18,8168
1,331
2,6806
18,6396
8,789
4,9920
17,7838
14,6285
2,2768
17,3788
6,3258
2,4535
1,3014
5,7305
18,2099
14,8023
16,969
3,7757
2,7230
8,3206
18,8769
4,3726
6,1239
13,1249
14,7808
2,447
2,8488
12,5274
18,2009
15,1633
10,5219
18,5796
13,9983
1,996
16,318
11,6423
17,977
2,7232
11,18
11,8508
9,9454
9,6742
11,1109
18,4313
10,9364
6,7554
4,8708
8,942
13,1515
12,2593
8,318
1,1520
7,449
12,9390
11,3504
5,5566
15,7124
18,8925
9,7683
1,70
15,7135
16,1583
10,565
3,1110
17,4568
18,8116
18,5015
17,9733
16,8973
5,9493
16,9915
15,1001
8,8876
9,1349
13,733
13,8190
8,9704
18,7664
17,3229
11,1462
18,6469
16,2367
6,1918
7,3705
15,8173
2,1240
1,4297
1,588
11,1486
9,2299
16,9427
10,2827
16,4872
6,7691
7,5697
12,2617
6,644
14,635
14,2608
1,1596
13,6893
14,4889
5,2261
11,247
4,2699
14,6932
6,3629
2,6497
1,3545
5,1922
5,1395
11,7597
4,5980
4,6363
5,9262
3,1458
11,2328
17,2681
14,9676
12,4024
5,4720
9,6538
16,703
8,1346
10,11
18,9269
10,1798
13,5994
2,4682
4,3072
1,5811
7,7740
12,31
5,8485
17,2938
4,6737
8,5825
13,1173
5,325
10,163
8,9883
15,7935
15,454
18,8768
3,1438
2,5090
14,33
10,7655
3,6250
5,6107
9,8152
6,6323
17,3871
2,7896
1,4621
16,7742
11,6576
3,3140
13,2680
6,5719
17,2724
7,9439
12,9992
15,1366
3,2343
11,429
11,8082
7,3515
5,6682
13,4795
3,2923
10,6021
2,8482
16,1931
16,9166
5,4584
13,2250
2,5301
9,1696
7,3707
17,3492
6,2578
16,4073
11,6479
8,6025
17,6703
2,1843
10,3535
8,128
17,4606
7,4900
10,6216
15,8588
6,976
11,9824
11,8224
18,126
13,9296
16,338
7,1976
5,8764
16,6042
6,553
1,8428
14,845
13,2324
13,4144
1,8872
10,3842
6,4837
4,1480
4,502
10,3848
15,4634
6,3537
6,505
16,6869
9,6809
13,8786
2,9037
12,8167
7,885
10,7425
2,6312
15,158
8,9665
3,9468
3,2149
6,3222
6,1283
12,9875
17,7000
1,5473
13,5420
1,6413
13,2453
5,6802
4,4684
16,4598
13,5909
2,6807
17,6078
6,464
10,8441
3,1074
17,569
9,3649
6,4574
4,239
17,7283
10,1789
11,9206
14,7383
2,7166
1,3616
14,6042
2,8516
4,9832
3,8833
16,4716
12,257
3,8673
14,2492
7,7534
8,2931
8,9447
15,4124
18,7727
14,9066
1,9262
14,6942
6,7295
12,6463
6,9533
5,5916
10,4828
7,6397
15,8848
15,8298
12,2495
3,3333
1,1442
10,5055
15,9581
10,3316
11,2931
8,4637
2,4820
12,8497
15,4474
1,6130
6,6202
6,179
12,5410
3,7388
8,9290
7,5218
7,4952
17,8923
8,3824
3,3413
12,6336
8,6047
18,4801
10,8523
11,400
9,609
8,4679
1,7366
12,3485
18,5374
17,4107
4,8022
2,9219
5,5486
2,2934
1,6459
1,370
17,7808
11,300
9,4594
18,5233
15,8306
16,1497
6,2538
14,1971
14,1552
11,2107
3,9061
6,9807
4,316
8,2942
1,7199
7,1545
12,3595
11,1046
18,1819
11,7888
8,9881
6,4042
4,6899
8,7562
17,5918
14,3027
10,9022
17,9488
5,9529
18,9007
9,6439
17,6111
9,9374
16,2387
14,979
6,1276
1,8593
9,4261
16,8124
1,8118
10,6910
18,9548
8,7064
11,7876
15,3814
3,905
12,7602
5,5570
11,9250
16,3408
10,8396
14,2586
15,3751
4,9390
6,6412
9,6351
12,6962
12,6270
1,521
3,2825
10,7499
13,1992
9,9961
14,1341
18,5270
12,9324
2,8187
14,8740
6,6209
6,7401
15,8587
11,7445
2,754
18,6552
17,7139
11,820
9,9369
9,4933
8,2230
16,3380
16,5616
9,8668
5,6973
9,6803
13,2976
4,7690
5,6258
5,6414
7,9964
17,1296
18,8977
2,4305
9,981
7,6554
4,9774
1,2382
18,7394
13,766
12,4879
1,3369
14,203
10,7442
13,8161
1,1224
13,6669
9,7755
16,809
16,9267
12,2627
14,1361
14,8649
4,2060
4,2655
5,4178
1,3626
3,7291
12,2428
12,5272
1,5746
13,317
2,2293
10,7174
15,1718
14,8601
9,3400
11,8801
4,1021
13,6396
10,3033
8,8330
7,3403
6,6408
12,1842
4,4314
6,963
13,3907
8,1452
14,3194
6,629
5,7302
7,3226
12,214
15,3787
18,1208
4,4562
12,3065
4,1258
10,1544
4,4299
17,9795
17,4020
7,8277
8,2129
16,8853
1,6216
11,9219
16,2575
17,1266
16,6686
17,8131
3,539
13,1945
13,4244
7,4437
17,6968
11,1232
6,1343
13,1834
13,8656
4,9255
1,237
8,3317
13,4435
6,5351
14,7254
14,3117
16,6138
12,287
3,9890
15,4501
11,9437
9,5177
16,168
5,8609
13,1948
12,1339
7,9375
1,1079
9,1082
6,1264
12,536
7,3129
14,5546
11,5697
17,4718
17,298
12,1636
11,311
9,1867
8,46
8,8614
18,634
1,3499
3,5632
3,79
5,9638
12,8724
17,7407
14,5137
1,7265
6,5543
4,1579
6,6016
9,508
3,4027
11,8065
2,586
5,6043
10,3272
5,5224
11,4037
8,106
5,9067
8,6624
17,910
1,1852
1,3942
12,9822
9,3551
7,3181
18,2720
4,9836
1,6823
4,8907
15,6158
3,7961
13,1921
13,3228
18,1319
5,6600
2,8105
4,3253
15,8108
2,29
9,227
7,4652
9,8708
17,7245
3,5287
10,3996
13,4355
7,2548
12,7426
9,8010
17,7091
13,3071
1,9139
7,5040
9,5204
2,107
6,9996
15,1308
13,9880
8,3375
3,2323
9,2444
3,6864
1,1397
15,9923
18,6875
12,3529
17,2622
3,1481
12,918
2,7222
5,3470
18,3172
17,3416
12,1930
8,1685
9,3187
18,946
14,5679
6,4347
17,5868
16,3701
1,5349
6,2786
8,9503
2,5214
6,1459
3,141
9,6663
10,5655
15,5088
6,8133
16,3831
8,7799
12,7962
13,8928
18,3803
2,7543
4,9325
7,7381
7,475
17,565
10,5336
13,2328
11,7252
1,3977
14,9027
6,2169
17,8565
6,2769
9,5055
14,7603
11,132
9,4476
12,1660
5,270
5,7226
9,5942
1,7300
1,5543
13,2711
8,3938
8,1932
4,6405
15,6453
11,4989
1,9525
7,8654
12,6307
12,9778
16,319
14,4608
4,9826
13,3477
15,6479
15,9832
10,2469
5,2095
6,9403
4,6828
8,5380
13,6698
17,8441
7,527
12,4126
3,5660
18,4594
7,3578
1,1419
13,1794
15,9408
7,6656
3,1378
5,3014
11,4630
8,9001
2,2441
18,6031
17,7090
17,9034
2,3448
7,898
2,4088
11,4503
18,462
11,8512
7,9695
14,8137
3,4269
16,8368
14,6569
7,8936
4,9816
4,9934
18,1183
17,9943
11,4186
1,257
12,8093
8,5132
8,4721
3,5726
8,6810
8,246
6,5802
12,351
17,311
18,9597
10,9305
10,5977
13,8435
1,5214
6,6808
2,263
7,2728
12,1904
10,3348
11,6091
16,8179
2,9152
9,5769
5,1330
2,5134
17,7761
6,7114
9,5995
7,490
4,4370
14,2590
17,2786
18,9077
17,1825
16,6411
18,1496
16,1007
13,4306
13,159
2,7365
10,4795
5,3528
16,5630
6,8859
18,5385
8,9313
8,7116
5,1432
2,8394
9,1953
5,8152
3,1515
6,8886
6,7566
12,2881
6,4720
11,2188
10,970
11,2620
8,6522
14,7482
5,9064
1,5705
6,5290
9,7606
5,9046
16,3826
1,4436
3,83
13,9652
18,621
14,213
3,662
7,9500
16,1030
4,5345
10,6898
4,5586
10,4372
3,6509
1,9084
8,4288
11,9848
15,1486
6,7709
11,6044
16,3088
14,5161
5,7099
5,3834
7,5692
4,168
17,433
17,1446
3,8921
18,8488
4,7386
2,9074
8,5629
18,3707
5,3235
5,1752
6,89
6,1349
15,7485
3,7691
2,1764
15,7360
9,7040
7,4860
16,6027
15,1879
3,9800
10,5926
6,9785
12,5280
2,4325
9,7006
8,6311
8,5911
10,549
11,9252
1,3851
1,8638
8,435
17,4318
9,5283
16,9737
12,112
13,6055
2,5417
12,8224
12,4076
4,492
11,2501
17,677
16,253
4,3011
4,2939
12,6046
7,3909
10,7318
4,7984
6,6173
11,9342
6,9975
5,2022
4,2297
12,624
8,8905
3,9571
7,8196
3,1682
3,458
11,1446
8,5059
11,9109
3,9548
18,5736
18,1368
4,2332
6,1457
16,8492
9,8804
12,1072
5,439
10,9721
15,5054
4,5687
8,3642
7,1324
1,6280
11,4331
15,6337
6,887
14,2720
18,8072
15,3491
14,6229
9,8959
1,1025
7,8112
9,4697
6,6747
7,305
9,7859
9,8490
4,2206
16,2007
11,5515
18,9707
7,645
14,347
9,523
13,5077
12,2074
13,94
8,9520
15,9204
8,5149
3,5149
10,6414
12,5046
18,6190
8,4568
6,1041
9,5120
13,4759
14,8685
17,7097
2,1220
11,3927
18,4140
10,6442
3,2271
17,104
7,5237
3,3920
15,5628
9,3480
9,8509
18,409
18,399
18,6020
18,4389
9,4104
13,4415
3,5034
9,4388
6,8395
15,3562
16,6791
13,9276
7,3899
8,1114
13,4344
7,5636
14,1205
2,7283
9,725
9,4590
8,9753
10,1757
16,961
9,1005
13,7124
5,1450
1,9573
15,8163
17,8667
9,9603
1,5039
3,9230
11,1262
5,4154
5,4647
11,2687
15,6599
5,6132
10,6769
9,5922
8,1947
12,3662
14,2152
7,3012
15,2489
13,7379
10,3546
12,3660
11,3735
9,7382
2,9345
5,9745
18,6471
11,4039
2,6193
3,2517
17,5095
8,461
14,5046
14,8995
8,6168
12,3584
10,3417
14,4759
18,7526
12,4007
16,3562
2,4033
10,4389
8,6263
18,6607
18,598
11,7055
12,4924
10,2585
12,182
17,2823
5,6199
1,2393
5,4297
15,1370
10,903
13,193
2,53
6,211
4,6580
8,1726
13,4833
11,7470
12,1891
13,5194
17,9055
17,7512
17,8379
2,642
8,6539
3,6040
6,275
9,8903
10,2112
2,2479
7,7798
13,5711
17,116
1,9658
2,6173
2,5057
12,3303
12,5050
17,5386
7,9727
13,4134
6,8615
7,1812
12,9391
18,5139
15,33
18,4480
8,5337
14,6025
10,7441
2,5746
17,8675
13,7081
12,1993
7,5166
2,2637
12,7772
13,2887
14,907
2,9353
4,4776
18,7223
1,3566
18,5896
14,7903
13,3058
4,2421
9,2801
11,8622
18,1363
14,8867
1,3573
12,8084
10,2679
5,5314
10,8193
4,1545
13,2358
4,339
2,2942
2,7690
15,4142
1,2354
4,253
11,309
1,7775
15,2440
7,8371
9,35
8,2629
9,443
12,5528
2,6632
11,2443
3,8440
11,713
6,3345
14,4747
13,3579
14,9272
13,9818
14,2403
11,102
8,5235
18,6393
14,802
6,2664
3,8980
6,6286
15,1716
17,8218
8,1755
12,5563
17,9760
3,5943
4,6610
13,4946
12,9555
1,8354
1,2646
17,6567
9,8631
13,409
3,2744
14,2374
6,4642
6,7940
15,296
1,4888
15,3509
9,899
11,6340
5,4826
2,7990
8,6227
16,701
2,2381
6,815
2,9725
13,4317
3,1247
5,9494
9,3973
12,6694
6,6916
8,3471
4,3209
7,8115
7,4172
13,3632
1,4945
3,99
14,8488
7,2213
11,940
15,4559
8,1171
18,726
15,6872
11,5891
14,8814
9,4691
2,1463
11,3922
14,4655
1,9793
8,9919
11,461
2,824
12,853
14,481
17,1518
5,5458
15,6913
9,824
6,9923
5,1472
5,795
4,4906
4,7288
2,8353
9,8359
12,9586
16,3463
4,1220
1,101
10,9663
13,8826
12,2119
14,1516
16,4606
8,5781
5,5460
4,3160
2,2960
2,3920
4,1
2,5635
3,7621
18,973
8,5210
18,1642
1,7768
7,6047
17,6243
5,1127
1,7494
4,5792
10,7969
9,622
17,5372
14,7230
18,428
1,2303
2,4806
7,1604
1,6086
3,5872
4,5415
12,2028
5,6318
15,233
16,1371
1,5438
5,6795
10,8912
3,5462
11,7246
11,7458
1,683
10,6064
4,6382
16,579
7,6491
1,5784
5,541
7,4488
13,2445
9,6660
6,932
1,7213
8,718
4,1674
15,6437
18,9416
9,6874
12,3940
4,6585
5,2883
10,8253
8,8228
7,2835
7,654
18,4915
18,8749
4,4514
12,9123
15,7011
11,4915
16,6617
17,3625
1,889
14,8543
10,9101
11,1266
5,3731
1,8639
16,3560
4,7444
13,7839
15,6237
2,4936
9,3680
9,3688
9,8338
6,1164
3,3992
1,9442
15,7971
14,1513
14,9170
14,3524
8,552
6,9520
9,3501
3,6877
12,2854
1,9133
1,2932
11,6568
7,5744
6,1087
14,9596
11,4556
2,2868
10,439
1,6053
18,7680
2,2559
11,7642
7,9374
1,5146
11,9567
18,4056
3,2912
8,6665
14,18
1,8802
15,7406
18,4345
5,4494
5,762
11,5808
11,1070
4,6156
14,3165
18,3297
3,6840
5,5630
7,450
6,8579
3,2158
8,9627
15,9982
11,4219
13,1164
16,9149
9,7114
12,1034
6,3743
10,8205
1,2627
7,3529
5,428
14,482
7,7828
5,4922
2,88
9,562
12,3939
1,9312
7,5335
8,9885
6,9636
5,8326
1,7062
1,5372
11,5040
15,2806
7,7554
14,4832
15,5582
3,7425
14,705
2,3990
9,8253
10,9524
10,6981
4,1658
14,5786
17,6538
10,3908
14,6422
3,508
1,4183
18,6577
15,6170
12,4104
1,4636
15,9572
15,6971
16,311
2,496
8,2943
5,3856
3,9701
3,4091
16,4861
5,9189
2,6146
16,7358
2,5562
1,1989
5,1400
14,7245
7,2216
18,4631
12,3681
15,5315
4,9979
7,4354
3,2499
5,9573
17,6437
13,8564
9,9234
14,740
9,8130
12,7154
6,4103
13,3594
7,1209
1,7846
18,722
7,345
17,7269
18,1379
17,8301
6,4311
11,2499
6,8484
17,2205
14,6750
2,7635
3,2790
14,9569
8,2098
10,6317
12,6559
10,4991
1,3538
18,8394
10,3117
9,5743
17,8286
17,9701
2,2449
15,3614
2,488
12,7852
9,3145
18,7937
2,5593
3,5286
13,6771
1,2659
16,7451
15,9574
18,6644
15,3115
17,8847
17,5721
12,8078
17,6268
17,2298
15,3713
4,7524
8,9610
14,474
4,536
1,6689
16,6169
17,8327
8,1575
5,1727
1,2033
17,5952
16,3630
6,5400
16,7376
8,8107
1,3140
15,8454
5,6641
11,6487
2,4523
3,4133
12,1371
5,595
10,3716
1,350
14,8390
11,1360
2,8904
9,7322
13,3262
12,4682
17,6339
6,2441
9,7824
1,6892
1,5105
8,8293
17,5975
2,718
9,4196
16,5252
16,1002
17,3173
5,1600
2,4680
8,2178
15,5747
1,9240
11,9626
16,5360
13,9557
1,3433
8,9020
12,3845
5,6921
13,4606
16,320
15,9856
4,8321
14,7273
3,9035
1,7222
11,2139
13,6678
13,3487
18,6677
3,2916
10,7565
14,4365
6,794
1,6783
12,5102
12,2845
1,6885
17,2324
3,5053
15,9357
2,3861
8,1473
4,318
3,2736
10,2201
9,5842
2,2219
10,9452
1,3141
15,4450
7,6256
11,6785
13,299
4,3140
10,6371
7,6474
2,7001
14,9387
2,7651
12,1558
7,3147
9,6685
12,8048
12,6537
11,435
15,1391
10,9668
6,5276
7,2061
18,7877
18,252
4,8402
14,6761
7,5506
4,9453
7,3980
13,5912
13,3944
16,1552
2,1523
8,499
12,2899
12,8268
18,3508
2,445
9,522
7,4201
4,4606
4,4472
16,1246
7,3065
1,2368
6,4320
13,27
6,1475
5,613
7,3742
1,3885
13,98
14,2204
18,4461
16,636
12,7250
4,1693
6,6426
7,1969
5,5073
17,6603
9,577
12,415
13,235
11,2602
2,2915
8,8077
14,2068
16,4571
7,8989
5,2230
8,4500
11,6067
17,6454
9,3225
6,4857
15,6906
16,7280
18,7582
5,398
7,3251
13,2231
6,5882
11,4435
3,4582
5,9810
6,3631
13,3546
16,7518
9,3965
1,7090
2,7173
15,7937
6,7665
11,5053
14,8906
12,798
5,8736
7,3273
2,4654
7,848
8,4807
12,6725
12,1459
11,5599
9,2368
15,9849
14,4918
13,709
7,5419
18,8036
13,4497
11,5322
14,8954
15,6919
9,3947
2,587
11,7012
1,4335
3,398
8,997
3,3752
2,4192
18,573
6,1415
10,5051
17,602
2,3314
14,7399
1,9942
9,1501
10,5689
14,6787
6,6092
10,244
1,874
16,1588
6,5530
9,9975
12,3245
14,3789
3,5205
1,2021
10,4937
14,6628
6,9427
7,3815
12,8474
7,3547
6,5377
14,4204
18,1867
18,545
12,2950
14,4504
12,1294
13,78
13,814
3,8499
14,3368
7,7754
7,115
7,2919
13,1625
13,6741
15,7988
6,8186
1,8352
11,3827
14,1531
15,1673
18,4003
15,8053
1,4754
11,8060
13,337
4,7090
15,8596
16,5735
3,2732
6,3598
9,5077
13,1281
12,1498
15,9628
14,4853
16,1041
15,29
4,7189
4,615
13,7780
6,1355
14,1014
1,3569
5,2886
11,6670
5,6087
15,7865
4,9219
3,4608
6,137
18,7816
8,4749
11,6834
1,6163
6,9375
13,1847
18,6521
18,3903
2,8066
1,6334
1,2622
11,3327
13,6562
4,9995
17,5901
4,3623
5,5347
2,4117
5,5540
12,6983
10,4902
13,2636
9,9986
17,277
17,2344
6,9517
5,7088
11,4011
2,3525
15,5679
10,499
18,2286
15,952
14,3726
12,5591
8,6215
7,389
1,1023
13,2626
12,9030
11,7946
13,7636
15,6469
18,4919
5,9603
15,7187
7,9194
5,255
16,2696
15,5663
13,1459
9,4883
14,1303
2,3488
13,3956
13,4729
14,1417
10,2836
13,3658
10,4172
10,7245
5,1088
16,4601
4,5795
3,7142
13,1555
13,8340
1,5963
7,888
5,2472
18,8917
1,8858
17,1084
6,26
13,7914
7,2898
9,2152
7,9113
6,2388
7,1715
15,4695
15,4974
5,3961
9,7290
6,5971
12,4516
15,7614
16,6018
10,8375
14,6629
6,8682
8,767
10,2566
18,3472
11,9786
5,746
10,1120
11,4142
3,9013
3,1352
1,7514
7,8004
17,8044
15,8644
7,8383
6,8218
5,8098
13,6795
4,8287
11,5810
3,2933
1,4131
8,6860
3,3806
1,4290
5,4112
12,9091
5,3300
3,1276
6,2515
5,7355
13,4743
15,7752
11,2091
6,3995
11,3198
1,5769
12,4422
6,7474
15,9315
6,8919
6,4058
3,5903
13,1431
8,50
4,9006
15,9425
6,8728
11,9570
15,7060
8,1421
3,6217
8,5735
7,3408
8,3932
11,5083
6,9381
3,1817
8,8304
8,8579
13,4032
2,7396
6,5888
6,9446
17,9177
8,3034
6,9743
2,2996
17,4758
7,8860
8,6600
15,2230
12,1465
16,2496
1,4381
13,6633
6,1730
17,2585
3,8339
1,245
14,7737
15,3404
16,8222
16,4212
6,6125
4,3233
13,3343
15,3738
8,1234
11,8698
15,7447
13,2246
11,3926
2,6922
7,4554
2,8389
12,5778
4,7883
14,1288
4,517
15,6578
2,9531
14,7108
15,6071
10,4302
5,5796
13,7712
3,1950
8,8729
18,5387
9,2234
10,840
6,9609
6,2224
14,6187
1,3099
9,6915
14,8671
9,7664
15,3257
2,7153
10,278
8,3848
14,3261
17,8563
14,9292
13,9263
3,2515
3,4072
5,9136
5,2926
4,8977
11,8457
7,9540
3,9241
9,9530
13,4442
16,7993
16,4208
5,8523
8,6514
14,7104
18,3474
16,3174
15,3801
14,4674
4,5862
5,5690
5,4762
6,1620
7,5889
15,7535
12,9337
1,2755
18,383
1,3905
3,2357
6,6304
12,2764
14,5082
3,3448
7,4055
12,5430
3,4110
2,5141
3,4050
1,905
4,6632
13,5065
3,7084
11,9190
3,686
1,3270
3,1254
6,7186
11,5873
9,4045
1,2816
3,8251
9,9025
10,8060
15,327
6,2521
9,7896
10,630
16,5590
8,2085
12,9728
1,4458
6,9397
13,8292
14,2572
2,4661
14,5229
2,705
15,3204
8,5258
3,4085
8,2967
14,3390
16,5318
12,3943
15,4023
17,7446
5,6149
16,3636
17,8671
5,40
18,7380
15,7989
6,5871
18,681
14,4493
4,7491
6,8280
11,2829
2,9109
7,9897
13,8905
13,8594
15,320
12,6567
4,3707
5,4168
12,4541
11,7498
17,2228
2,661
7,3259
15,6446
14,5594
2,2237
10,1932
15,3435
4,4106
10,8830
9,1125
17,5744
16,380
14,8879
16,7278
1,201
18,6803
11,7259
12,4623
5,6776
15,9471
1,6003
18,4808
9,5685
18,8936
12,2755
10,4282
13,9003
2,753
1,3953
10,3043
15,9912
15,8611
8,2241
1,7620
13,7272
14,9121
6,3403
8,3155
18,3012
18,9137
4,5319
3,1095
13,9848
18,8152
7,1973
11,1283
13,2723
6,471
5,5467
9,470
7,7912
12,3171
17,8245
10,2458
10,315
10,7234
10,2983
8,3494
2,5559
13,9154
16,7255
2,2434
8,647
5,3064
16,1694
6,9777
13,4682
14,8898
10,6134
1,642
15,710
8,580
18,6575
15,7974
17,3417
9,8355
6,1320
7,2453
7,9363
2,7034
9,4917
7,8716
11,7989
5,9229
3,1336
3,2360
6,5699
2,6468
13,3787
5,594
15,4223
7,1751
10,8754
4,3416
10,3112
11,9137
4,7533
15,4009
3,9091
18,6695
2,7859
13,4041
6,9811
2,3063
16,3107
10,6393
7,5544
16,6963
4,3158
18,8186
14,3155
8,6252
3,7564
8,2093
7,126
17,258
12,1481
16,8651
6,319
3,968
7,5884
11,4026
14,4469
14,2415
11,2181
2,1612
13,2188
6,1036
8,9543
6,5314
8,7289
2,7164
7,1105
14,1708
3,648
2,1007
1,4809
17,6808
3,4324
16,5020
4,3804
4,736
18,294
17,1516
7,4249
3,4696
3,4847
14,4689
18,371
11,7257
5,6775
4,1554
3,9288
8,877
14,242
3,4325
8,6835
10,379
16,105
13,8075
12,5987
2,182
13,4840
8,9439
2,412
11,2190
5,5635
4,4107
10,2276
4,9852
12,4415
2,2733
2,6714
15,891
13,9770
6,3706
9,7110
9,8704
6,9366
6,8743
5,5002
12,5756
2,9836
8,9896
15,9930
11,190
16,1749
16,5731
7,9383
14,7852
10,4482
8,3354
2,7483
18,6797
3,8365
11,5585
18,8756
8,993
1,8509
10,4701
8,1730
13,2808
12,6779
17,2286
16,7792
15,5364
16,435
3,5835
4,3299
4,8896
10,435
12,4875
14,8849
12,4390
2,7176
7,9966
4,9063
14,3010
5,4456
11,8337
7,8925
4,8422
12,3961
11,3905
16,6971
14,447
15,3361
10,6961
6,6635
13,2259
14,4150
12,5845
4,2483
4,878
5,9746
1,6290
7,5148
11,957
7,9967
8,9697
13,4457
16,2858
4,1263
9,5957
17,7060
3,6121
12,9216
5,9515
4,9626
4,2300
10,9016
17,2929
4,9555
9,5270
9,8224
2,8086
1,31
13,3949
18,4886
4,219
13,6511
9,7002
15,6672
9,3953
7,8136
7,1906
10,9520
15,9198
12,2673
13,4077
18,2890
1,6065
7,8707
14,8612
9,5375
9,8836
6,2506
15,3467
11,4223
15,3683
4,4283
16,159
5,4056
4,5268
14,1922
3,6824
5,298
6,3575
17,7084
17,9790
4,4939
13,8587
18,5265
1,9126
3,9995
15,4600
7,8064
3,7197
10,8426
2,7727
6,2357
18,1915
12,9796
6,6403
5,1125
5,1059
12,8430
2,1133
2,54
6,2201
7,8863
11,1518
7,2094
15,8337
8,7966
18,4308
6,9258
15,7105
6,7121
16,9410
8,2821
4,7123
9,7733
6,7106
15,3972
8,5396
4,7694
14,4668
13,7970
12,6557
4,8807
3,6747
13,869
18,1415
4,2434
9,3247
6,8889
4,9504
5,815
17,7042
15,2355
7,8766
1,9196
13,5329
13,7408
1,2017
3,2653
7,241
6,3697
1,7618
13,1565
14,8628
15,1037
12,5636
15,376
4,8559
17,7686
17,7570
9,9893
2,3357
15,1980
6,4161
15,4771
14,3463
2,628
5,6368
10,1400
13,4891
1,3922
17,9862
13,6398
9,173
16,1218
17,2340
8,3843
6,6058
5,4886
11,3601
1,6544
15,9103
14,6074
18,8455
17,567
7,5000
7,9228
16,1208
8,9471
8,1597
5,8548
17,482
11,1686
1,4847
8,8259
9,8678
12,5520
13,9520
15,4362
13,6499
2,515
18,8018
18,5426
7,2354
17,8649
13,2944
4,1564
4,5838
17,5848
4,2320
9,4613
5,696
6,5261
3,5192
8,8142
11,5211
12,9447
15,3466
4,5123
5,2591
8,5362
6,3918
16,7113
10,4914
8,8890
6,4267
9,7925
15,7854
2,6150
14,5684
12,8419
18,8980
17,1568
2,1985
15,5906
12,1544
8,9006
11,8466
5,1085
15,3383
16,5480
17,5773
6,3843
1,9947
2,6057
18,354
14,9815
11,8129
17,9141
17,9245
5,4042
12,5768
4,9602
9,1223
11,4895
10,1884
1,7818
12,9348
3,5211
18,4220
2,4161
14,3692
9,6523
11,6346
15,2063
12,1746
8,5295
15,2096
8,5951
8,9926
6,622
10,896
2,714
2,7567
5,62
2,8633
17,4952
7,8818
8,3968
6,7362
16,9135
13,3237
18,3008
2,4758
4,7505
12,7393
6,5834
5,1007
2,113
15,1563
13,806
7,7835
11,5944
5,4470
18,2529
3,4772
12,2114
1,9616
3,2269
11,6316
14,9022
12,712
13,3533
3,2593
10,9720
10,4942
17,5164
11,866
8,6519
18,3442
18,4564
17,5471
11,819
8,8779
17,7855
8,9726
2,9865
14,5748
5,6855
7,856
13,7779
8,8870
10,1357
2,5526
9,6397
2,1179
18,1311
13,4917
1,9985
1,6118
18,2050
9,6258
13,4402
14,3048
15,3892
12,5295
5,4654
16,1219
12,8236
13,8118
10,8452
17,177
3,5839
10,9505
17,1616
12,400
13,567
16,7370
3,1334
18,2927
16,8894
9,79
9,2739
6,3020
14,9202
12,8716
12,1625
9,853
18,6981
10,1422
11,947
18,9863
18,2348
5,3208
1,5492
16,8854
18,3815
3,7869
3,6407
2,7064
18,4303
1,8896
5,220
11,9257
11,1729
13,8106
15,8680
11,6857
8,3794
8,5092
13,8023
15,5736
5,5970
8,1500
9,7620
6,6699
10,5512
4,995
10,9361
4,7409
7,7871
5,5094
12,3135
10,1270
12,833
8,5196
12,8687
5,7777
8,3081
1,5897
3,5735
4,3511
15,3514
18,8408
2,6554
10,4995
3,5382
10,3704
9,2622
8,302
4,6707
5,2455
12,1084
18,6356
13,3425
18,1578
3,2871
13,6639
10,2350
14,5755
