movie_id,professional_id
9492,5338
3461,7123
6368,4958
4726,2592
6375,7955
978,2726
5772,7968
8505,770
3482,3037
5550,9989
1124,9362
4865,594
4404,2091
6553,8353
5220,7119
8141,3934
11,4990
1219,4344
8803,2626
5296,5211
3477,455
6058,769
1544,9010
6590,1121
3525,9195
6554,7030
8424,3417
4732,6409
7328,3136
1741,2485
2310,7677
2511,8734
1904,5789
4060,1372
7713,4637
7540,5206
9571,5266
7189,4294
337,2795
3183,1167
2572,8724
2208,1951
5814,1970
7473,7145
10000,1140
8122,4188
7506,4027
7487,3713
388,1967
903,5057
6329,2257
3280,5864
2547,557
4533,4220
5909,3949
6789,3377
931,7654
9562,6774
703,4884
4210,4229
1403,1361
1016,870
1171,2578
5964,3443
8799,807
2460,5988
1974,4970
4828,8874
1430,2565
6693,7517
1366,2198
8467,372
1525,839
374,5866
5833,2063
9652,8878
2780,3703
3066,2030
3308,5375
3404,3303
1059,2060
7331,5775
4285,5601
3758,9636
7117,359
1560,2518
261,2478
9680,3506
6258,6981
3242,617
8836,4549
8534,6742
6772,8237
4347,601
2025,6082
6294,8381
6237,6839
3612,664
4631,993
5196,6162
1284,6756
4520,2251
15,8623
4198,9508
3748,4895
9135,9026
7109,483
2610,7029
3784,1112
8742,1726
7107,7054
8370,2390
1318,2552
6539,9923
5993,4218
8856,4259
3209,6530
5144,1472
4697,5435
5930,5904
561,8117
2967,1808
5091,6539
5992,1937
7519,2745
6863,6306
4803,4499
8358,4900
6671,2944
245,5419
90,9707
3471,941
2198,5792
8328,4413
7490,3680
5860,1668
3309,1479
1698,8314
5784,2845
9147,3294
4322,2066
7981,9500
3754,9149
9797,4034
9385,4982
4187,9360
6410,6622
4877,9771
1673,8592
3672,4316
8140,2319
3456,7971
7539,7284
1646,2491
452,9471
2320,1108
695,3938
7647,7030
184,3581
9875,896
3342,5750
7251,8801
5415,1155
7089,887
4019,6209
9608,909
6587,9213
4651,474
9088,6306
8391,5187
7880,5264
8158,8932
9892,7138
26,4781
7466,6608
6889,158
4709,466
6680,818
3832,4875
2380,2929
6081,5250
3398,3576
3650,3312
4314,8793
8044,8238
3343,4268
4012,9270
724,622
9682,8113
9326,4266
541,3689
8272,1988
4512,8441
9919,2453
7812,918
6934,8843
8312,9968
625,338
1058,8995
9113,7997
5364,6211
5785,7426
9500,1446
8476,5315
4496,3883
5420,8466
6907,9608
5311,1890
736,6319
9354,503
855,2182
7696,4589
7136,7591
7302,62
5713,9362
8310,7577
3471,6081
7023,9940
4811,6441
5965,932
1001,7895
2705,4974
5652,4181
5082,1839
9599,5170
9000,3165
367,693
4831,9231
858,2499
9071,7083
6876,6372
3211,321
2951,7076
1838,8294
8818,3641
3954,241
872,2855
2093,8932
8226,2257
336,9291
3818,77
3496,3960
8882,1596
4764,8606
6344,4185
1062,4055
2530,3931
5303,1121
2189,3800
8861,7362
6107,7285
3548,1681
9637,3713
7784,3089
7434,5590
1279,5357
578,4669
1472,4602
1782,4492
7689,1769
8153,8368
6186,4673
6384,3203
8322,2051
7933,6690
8618,5382
9757,8447
9019,2929
8026,6297
8852,6940
1786,2635
4905,5488
9984,5611
9844,416
329,4988
7639,9835
9449,8121
8420,2269
9061,5278
8216,1426
1199,2588
2911,6849
532,4913
1210,1781
252,3312
2819,4028
7862,4547
4208,2259
9940,9538
6097,1444
1316,7906
4532,4246
4819,4813
4886,2630
7960,4841
8203,6012
1738,6297
9195,639
1035,1110
1136,9250
6758,4001
1890,41
743,7292
409,62
6348,6899
6143,6379
9816,9792
1840,9379
5648,8406
2832,5515
2526,5442
7820,694
4992,7716
6142,8184
5070,4573
9829,4043
6778,3920
9055,8765
5104,2586
5470,3469
7630,6568
1123,8891
7834,3301
364,4966
380,9958
3387,848
7996,3560
6674,2071
4333,6731
9241,9381
8277,8117
4736,3628
3140,7283
1705,5182
7081,6431
213,7700
5439,9794
5782,7702
5588,8583
4879,7722
6314,9104
5461,9347
5434,6120
2796,1299
2414,6484
9597,5028
1053,2106
1506,2398
8862,6556
8133,7249
2392,1617
8499,9872
4903,7936
4455,1915
112,6572
8502,9074
3237,3768
4781,9248
495,363
8429,1521
1102,4303
2773,2577
7693,3654
9100,581
740,3604
123,2060
5923,8682
3797,1323
4228,4552
5461,7991
2598,3212
642,2849
6164,3903
9451,1351
3100,4656
7823,1787
3918,1733
7491,9869
7891,4809
971,4304
8733,477
4692,5711
9434,427
9429,484
3938,1822
178,6476
6950,4360
5788,6919
5640,4253
8756,1082
1070,975
9977,7061
181,9485
7415,9586
2580,4814
7241,3605
5481,5122
6181,3049
2111,9246
2349,1968
2096,2136
1562,9928
7111,6655
7576,8555
7142,4467
8274,430
8356,1956
8550,9793
1896,3030
8591,9099
6991,7656
580,777
3677,3857
7081,8730
5209,2413
7107,3769
2447,7
998,1120
6509,2996
1988,8036
8050,144
5846,7279
7694,8338
7246,727
1665,4560
3634,1402
5082,9253
1508,6741
8869,4989
5715,8993
6530,7978
9723,6382
1995,9028
3384,2500
3979,5260
7192,8628
9498,9649
7707,4019
8379,2858
7068,5931
7420,4316
6405,1393
3451,31
7472,378
6551,7463
3853,1149
7438,7572
6009,501
3173,31
1066,145
8789,6093
6619,5195
6239,4182
7618,626
8376,1247
9657,4712
8352,41
3801,1370
3185,6656
8620,5602
7212,5662
323,4314
6669,2294
2901,4960
4337,1076
8793,7046
7214,8408
4195,402
2782,5797
9537,1341
156,9713
1839,4349
7144,7486
1601,2498
5129,4674
5685,6606
9279,5515
4356,6912
1602,5573
8540,6659
4545,5872
866,2250
9496,5629
4937,4014
443,820
913,3400
191,9937
2732,4281
2237,9872
2696,4642
7723,7759
9417,694
1320,676
5529,2914
4335,8749
6248,438
4638,3787
4266,7806
7715,6779
1593,4761
7623,3925
9750,492
2068,1526
6935,3470
3726,3975
6096,3078
8012,2914
1950,8062
9302,3373
5368,7432
1648,6651
6502,4598
131,5502
4388,6275
6167,7495
1259,3809
1964,2273
747,5604
6698,6406
8238,7134
5263,5501
2810,3465
3595,5554
1436,4295
5847,9734
8678,3450
7548,7865
4857,2032
7459,7953
7920,8763
3765,6152
9830,5724
7706,9005
5522,3752
1322,8910
6183,375
6731,1977
9967,1689
3135,2311
7235,568
7775,8410
3061,3133
5037,6218
4495,2699
93,775
649,3634
4846,3222
373,2387
3364,2284
849,6250
4190,9756
3357,3150
2402,8538
1458,3299
383,7061
7416,9081
4281,3383
8797,7887
7731,2842
5337,6434
2451,3001
3148,7222
2466,1950
22,9715
1346,4581
7333,3173
6308,8246
8832,8206
8857,1234
3944,8079
8835,1583
7025,728
5630,2841
1287,8268
4737,676
730,6634
910,9255
9113,8572
2029,584
1014,6105
5811,7994
3357,8355
3941,7569
931,8022
6013,8423
4705,4684
2387,1778
1542,9865
6791,6280
5398,4585
566,4858
9952,8006
9028,1684
3616,6048
9814,2569
6343,461
5628,4152
4541,3501
5827,7694
168,2778
9784,4512
2803,5737
8894,2526
2234,634
9268,3629
7995,5557
6300,4355
5510,9855
3200,3486
7160,4809
2793,1703
7594,9940
5767,7797
1001,6205
2907,9591
4468,9687
1540,5217
6347,272
318,9170
8924,7964
4910,1896
8957,9854
1689,3491
1004,3879
8339,2377
3220,7029
4530,4794
4307,5866
4361,8760
1435,5128
2573,1973
3131,4342
9101,8128
9830,8728
8667,897
8919,8535
3421,2747
9444,3833
6590,9717
9181,1133
5639,7575
8282,2184
6369,866
9792,5886
7408,3360
7438,1619
7381,3071
2120,955
4628,2569
1663,2502
8291,9377
7706,8664
1898,6890
9509,7626
2837,5574
3942,8154
1786,8525
9675,2056
751,7483
9894,5905
3880,2825
8199,9409
1996,8748
6055,3740
1531,5684
792,1611
2784,5429
7902,1842
6027,4456
4816,7895
7588,8887
1856,6326
8610,5817
8084,3284
8097,7343
9760,754
5907,7437
1917,7926
5699,4421
8815,7819
6331,7861
498,3782
9663,8702
5184,2657
4423,4689
5601,3044
5951,8129
6000,3545
7405,5457
3513,3975
1271,4669
7737,6706
4933,1450
2369,5295
436,5542
9183,5218
355,1765
2026,547
9854,1346
9615,1433
362,4890
3678,7017
3028,239
7498,5079
2300,1330
2292,8507
5711,2719
426,2112
863,3574
4687,4251
6888,4423
8868,2226
3080,1499
9639,2573
42,5787
3330,1147
7385,1808
8693,6245
707,1466
1239,4391
4675,4964
6501,6036
5833,163
4069,1260
3636,2402
1461,8374
8890,4124
8169,3240
2469,2799
6471,9374
1000,2783
8449,8166
7589,6000
3088,4601
761,2692
5414,8271
5339,2774
4569,6360
9143,3849
3763,6572
2655,6728
6671,7691
5619,1826
1596,6545
650,328
9070,4139
3183,5829
9593,5464
5364,8039
6513,4391
6781,2761
3664,1638
7850,7347
3103,8247
4119,3590
1336,5698
3515,9811
5957,9269
4746,181
7237,3897
9777,6040
5728,2003
6950,6247
9732,4115
7953,9872
8734,5163
9997,4974
8234,1043
2249,693
4006,2510
8569,5731
1214,4212
7457,8175
843,453
1623,9564
8396,8134
5126,2898
7250,9814
3632,9156
6713,3025
6992,1162
5481,1087
9569,3887
6385,1082
9970,9128
3553,4485
9680,1974
9388,3226
5338,4840
536,6831
8933,1852
8336,5170
2738,7902
225,5555
7980,8606
6505,5232
2270,9145
815,9376
9372,8092
8167,7228
8316,5185
287,3001
3037,5586
4468,8208
936,9219
7625,7988
3820,3325
1518,7502
1033,8079
896,5525
4794,7935
8383,1939
2041,1260
1285,6240
4468,2435
9521,5602
5330,2936
3201,7810
2252,1331
4046,2776
6640,5417
8614,1461
8328,3875
1001,1674
1237,6071
7732,1352
7774,518
3541,5030
3034,2753
6459,2886
2656,5609
837,5749
9453,1830
1156,2815
4687,960
4450,7696
9372,9213
7781,1445
8802,4417
6413,6293
5487,9832
6915,4940
8492,3789
914,9053
2917,4201
7750,3314
7407,8287
192,1746
9778,8103
306,8776
4580,9737
6024,3285
560,6672
929,5434
6805,8147
2352,2446
230,8421
6909,7924
8547,3971
9717,6867
977,5218
2975,6978
1041,173
4199,6623
9906,9927
5010,8172
2276,9687
6406,777
4956,6679
7791,2191
6240,1334
8680,8188
4646,5906
3966,1377
6927,2541
7759,2255
3225,6106
4791,7657
3827,498
1420,8446
8904,4514
3020,6795
9266,7476
6648,2519
8338,2827
416,8180
1431,1669
1720,5366
3714,4825
1131,434
9429,3591
503,5500
9509,6489
3101,1650
520,5480
5459,7200
5730,5872
9392,3428
131,9079
4905,1820
7050,3224
7810,5552
8988,6408
6401,2895
3964,6491
9074,7208
5856,6755
6815,3361
2022,2097
4025,4519
2055,6141
7647,1724
2833,2208
1762,6793
5021,6646
8940,8307
4495,5550
8377,1962
2357,4220
5512,712
9262,2479
2114,3446
8128,5560
1956,1383
833,5511
1259,8909
7040,9718
650,770
2939,6279
114,7753
5392,2367
4028,2032
9501,7563
7058,2562
613,1243
4018,9058
4893,6749
7136,5365
5425,5594
1075,3981
41,8647
2491,1737
9276,5790
3840,5852
1383,9944
6083,1039
3987,1816
769,3170
2423,8537
3779,9561
249,9409
1585,3756
2363,7544
420,5635
583,5981
9352,222
3404,908
7768,3649
4559,3366
1940,6411
2523,36
2792,2373
3434,559
1471,2286
8390,2749
4878,9989
9507,9940
926,202
360,1207
3894,8174
3491,2960
8585,7795
8207,1363
5962,8176
3798,4838
192,438
7922,508
1288,4941
7275,8988
846,8392
2841,6780
9957,9318
3541,9047
1458,3896
8617,9970
2191,3673
2513,3277
2496,6579
6903,6283
6473,4741
9389,5105
7516,940
8362,9505
1517,1710
4866,3561
9286,2353
5833,9434
8620,6592
5158,8046
5718,3505
3680,3297
4302,1806
1497,828
2814,6033
481,6427
2512,2457
1486,8816
6042,2954
2436,9810
8179,6994
2275,5048
5061,3060
1378,3263
403,9185
9646,7819
3327,9163
605,3472
7096,3411
7273,9648
5827,8291
4082,5617
1031,8245
2744,9343
944,3457
2114,5888
7993,1389
3750,1787
7101,5003
3490,5082
6819,9512
2662,6567
4764,9183
8343,7206
6709,4721
6009,9937
2445,2488
3028,4272
8633,9276
8033,3878
8396,2127
8486,9651
3692,4675
8490,1448
4398,3790
3525,4119
3881,3582
6670,4493
3926,414
6707,487
4933,1651
531,5440
8169,2240
6144,3857
5756,5505
4384,6577
611,9121
2263,9420
1750,3492
6507,7220
514,318
8171,1399
3303,5120
9991,5914
6313,9331
6302,6012
5292,9279
3643,8703
1555,5063
4663,4069
764,8418
7397,332
8312,3504
6961,1867
234,2390
3575,3033
646,950
9889,3385
1097,1080
6249,4483
5930,1682
9212,8881
842,5088
6110,2022
4161,8781
8301,27
2389,4013
4417,1446
6328,904
4520,4336
5897,6043
4234,4676
2834,620
8177,1487
9435,7334
5588,1120
3337,7898
2161,6028
9830,5635
4007,5455
4508,5957
7504,8402
6945,7382
1672,5262
1400,1340
5430,5013
6967,9366
5668,8396
2961,464
607,1246
9494,9223
2462,671
8924,1206
2139,3000
4870,9699
4773,6172
5337,8036
8297,4182
5529,7542
4830,2400
1818,2946
2392,5078
1747,6809
3618,3645
389,3809
469,7135
4331,2150
8165,2547
7111,4312
7458,5920
8273,7386
565,9059
9208,1571
2443,2588
913,2747
5712,9113
5002,3242
9604,6695
3797,5419
6798,2905
7042,2275
2695,2643
4608,6081
7971,4512
4725,3954
6576,7431
584,1406
9245,8825
7834,3645
5085,4030
5743,4581
7197,7363
6876,4760
1171,8748
8090,5518
294,1236
181,6804
210,3461
6037,279
5344,5596
3954,3413
4527,378
2597,3580
1648,2762
561,7966
9515,5167
8402,8908
9677,5943
8182,9834
5343,5598
1095,8871
3555,2428
8326,1766
3498,9489
2098,2493
9076,5329
6094,3393
8201,4876
4651,9572
9326,9369
129,2182
9542,2786
8116,9109
5785,3387
3331,5689
9136,3942
338,6834
9226,664
2363,1733
4512,2009
2206,5702
5201,4001
7975,5796
7469,7908
6188,1082
7693,7407
7190,8908
1194,8184
5527,8614
4627,5457
6559,3620
836,203
5573,2184
3381,781
4969,7727
3706,3954
2517,8463
9164,9553
7207,6833
4050,6535
3668,1752
513,6428
9953,3343
6896,730
2626,2052
1781,2494
1776,4300
784,3168
7290,2170
4855,3887
8929,5276
5274,147
8805,9916
2152,2527
5770,8529
2117,6176
638,4427
9033,5663
3668,3822
1112,3750
4263,340
1042,5323
8703,3640
6883,1585
9517,4757
2687,9553
5411,2946
4043,4600
9519,5285
3229,3210
8506,6012
1396,3052
825,1664
1835,8527
4681,387
3147,8847
5738,2419
711,2469
9990,8897
204,1146
5089,7055
1552,7240
5901,4794
260,6685
8112,4775
2465,1579
4878,7999
3284,7174
38,1357
5859,403
3734,7671
2825,5088
5274,7096
1058,6165
3772,6347
8555,3525
9812,4760
6445,5480
2928,1267
6295,6798
215,3555
5464,6619
4178,1736
2361,6643
7316,8769
9036,2676
4316,4282
7719,4430
180,1533
5659,1697
747,5871
7398,388
159,973
9943,5897
3845,9770
6238,1900
4918,5368
4489,9434
7399,5774
7369,9800
5613,3429
1148,8798
2762,9136
1365,4122
1401,2371
4245,8016
2107,391
6107,9382
2062,3020
7807,9274
6132,2912
3879,2194
4367,3232
6543,9218
1252,2871
3049,8575
2409,4143
1081,4806
7451,334
4123,4535
3432,7798
1057,1220
5431,2003
2311,4346
3025,6530
3453,5689
590,6387
6045,3695
280,2401
1919,9098
4793,11
3677,4837
6946,9015
8865,9502
8078,8815
328,4595
7075,4465
7279,4031
5182,2299
1237,5235
7062,8434
2984,5753
5608,7325
2698,3126
2385,7087
7459,5509
5482,3657
7557,1205
4657,494
6753,9195
8125,4255
1653,9646
5355,586
8965,9994
5009,5735
8461,2477
6336,3673
8993,1419
6487,5112
7643,7788
5816,6111
6000,9128
4284,2700
4867,3717
9237,9574
8419,8932
7986,9495
8951,7988
2764,8281
7138,897
5460,2684
5140,4465
4524,4731
7995,7972
5437,112
9795,6960
6267,3925
8956,4146
4302,418
958,3417
6124,5321
3471,728
4231,4893
3980,2330
4120,9463
9413,9967
5549,4509
1151,7353
2732,1008
551,7843
877,8608
7048,6450
7758,9485
7341,4820
3907,8178
1511,6293
1197,5575
3659,1163
3947,1736
9056,259
4149,3465
3116,3158
3615,5889
1498,6715
9702,5998
111,3152
3383,7397
2441,6931
3571,5477
9107,8154
4700,5642
6173,7010
1405,1411
7312,4756
9073,7653
8828,7078
9715,7291
2359,6405
4312,795
4086,7473
6805,8973
4067,174
9702,5170
3771,6718
8751,2986
9181,2550
8494,4101
638,4232
5966,7207
7684,9400
317,9632
9386,8709
9381,4430
3409,6035
3713,968
2622,3762
6659,7946
783,6288
757,5815
416,4141
1238,2135
7667,668
9644,3469
2154,2311
9833,4438
9688,9836
6037,1883
7360,6315
5652,4995
3103,6841
8808,5883
3876,7247
4272,4797
4380,8433
1555,4153
1902,7303
3824,8631
7833,5034
9237,4876
4418,7917
4158,3870
2173,2235
6847,5051
7278,1160
4659,7457
1132,9889
3159,1348
1924,3066
8661,1661
7684,4765
6245,9264
1155,7358
3193,3184
8393,789
3854,6580
7010,151
3240,6500
4383,674
4040,4843
3466,2771
3137,3315
206,2698
4010,8886
7781,3783
6577,7503
1976,1514
8731,2958
3162,9169
3230,1426
2443,8735
2617,1773
3827,703
8675,9751
6820,5233
2682,1315
8754,1924
1713,5036
4340,8092
3248,9807
8006,8134
135,217
8021,1338
5138,6282
8335,5344
9744,5297
2538,6325
9345,3694
7455,1416
4759,8141
2593,2873
4937,9494
2426,3405
1280,7436
5960,6714
8561,7029
3350,656
273,6737
8651,8220
4975,4709
4494,7826
2870,6035
92,1359
8436,5288
6901,5069
5373,1847
6888,191
2456,5717
8041,7967
6252,9946
3529,4926
8195,3552
3712,733
4769,818
6333,2477
9453,8548
2960,2471
8708,7331
6034,1936
284,8241
9027,804
7261,1397
7645,8364
3855,7619
8013,4756
6407,6343
3568,6078
1423,8912
5663,8629
6742,3453
9228,5220
6708,8792
8855,1233
414,3970
1,6830
1029,9499
7702,941
4816,559
5563,1452
1880,7359
2768,6820
6686,8518
1977,5547
7553,2515
1925,5668
6184,6713
2666,8120
4637,4922
4567,9128
6334,3236
4883,606
7340,6335
9956,6108
8791,7457
8846,1219
4533,7306
7577,6925
158,5806
1759,5602
9001,7152
2043,2984
3032,954
8489,7518
2871,9971
880,463
389,8547
1123,6197
3249,491
773,4134
4521,7664
8608,5268
2261,2315
2711,1994
8808,6493
1911,5572
8974,3114
1779,9715
6476,259
5552,6263
1588,3166
8933,6320
3681,9401
6539,8932
133,4542
3837,4617
8145,5806
7345,3923
3243,54
8110,6798
9672,8511
1370,7866
5361,1257
6345,4512
2876,5714
9003,4873
4866,7309
9643,2299
3989,9543
5298,4179
8054,6006
2891,639
8875,8072
797,4513
6969,7198
6200,3323
4499,4193
349,8074
9246,5111
3180,8116
6843,4418
9740,3085
9556,7838
6245,4478
5265,7369
972,5235
2475,442
4904,94
2639,4672
9932,6952
3748,1998
5084,6195
37,6725
1691,4116
3021,5809
2755,3849
945,5799
8453,987
6253,2795
1121,9244
1219,2409
9766,7194
6975,7209
5941,7069
2125,5100
8679,8104
4553,9093
7791,9938
3873,5786
7936,4730
8586,3192
6912,6451
9075,335
4171,8285
7938,4155
2867,3094
2190,7735
89,8755
8082,251
3695,5628
7851,4186
9512,9533
2639,8548
7626,4269
9552,9700
9549,919
6558,6201
1546,3467
3493,2029
6502,601
1584,7499
4644,4362
8390,3164
9787,6671
9256,7333
3126,3603
3954,2565
8283,7756
7198,8140
7217,3298
5231,4957
4943,8647
3770,9076
9290,5746
8057,720
4837,620
3888,8903
2074,3047
1822,7066
726,3785
713,5018
9021,8400
8250,9617
4610,993
2305,1768
2974,8578
1631,1933
5895,7825
5080,9872
8689,1574
5988,4420
2316,9708
9171,9825
120,747
1456,8294
3969,9204
4908,3483
8159,7736
9826,6628
1107,3543
2022,5795
2653,5359
7467,8470
1935,6715
750,5128
5246,3867
1166,1323
6783,9590
518,2785
7021,5281
5260,131
6110,2491
1960,6390
472,2678
9773,289
8080,6446
7579,5415
5887,8314
8644,4952
929,6806
1019,9607
1466,7249
4546,5571
3746,9027
4979,5811
5748,1962
1009,275
3456,5842
1065,858
9852,3887
236,4118
724,6236
2695,4922
360,2789
8571,7385
7635,7960
6964,5722
9999,7652
8429,8394
6539,5218
1858,7867
1134,357
8311,9651
1416,6765
3329,5203
6105,2699
380,4680
863,6546
9452,4163
1034,9491
1949,2098
1719,2306
2122,1473
541,8054
7431,6919
5952,8374
980,9501
193,9079
8410,9290
7419,9833
7052,5884
1570,819
154,117
6357,7008
7013,9393
296,6159
4408,8234
1865,8418
6621,1643
7089,2753
2867,7877
57,4787
861,4281
5994,5626
7005,1937
3066,8019
906,4212
5484,6183
379,5907
2430,8285
2372,5784
5413,158
3022,4524
7106,4120
4460,6247
7142,3232
5291,8942
2067,8545
5167,2028
9922,1357
8425,9275
1348,512
9741,6795
9597,1365
4336,8126
7901,2924
17,9160
1844,5230
6523,7755
6353,1572
9763,3715
9971,2529
8112,5220
1371,697
2474,5657
4358,2712
6563,6313
7000,2495
6543,330
7044,94
2378,4418
1688,4394
4934,3397
1966,4746
6285,511
4883,9829
8575,2978
9201,316
1160,3836
7214,3249
3350,4076
4124,8360
9653,1363
2018,1629
7942,6848
3016,7699
6240,6109
5497,7136
3344,6256
3639,9399
7196,4532
8782,583
8616,1389
5197,1100
848,9780
9682,1859
8699,5982
7040,3245
6491,6989
4684,8792
9731,9899
8302,9053
9657,7053
5737,8847
4520,8970
5964,5168
1442,7740
1277,8067
9935,9098
7125,5335
5450,3289
458,1262
6341,731
1543,4522
2060,3711
8269,2357
8871,6813
2233,4934
6768,3906
673,8098
552,2113
9423,6302
9026,4242
1504,5252
1035,3081
9228,2055
195,3255
2503,5993
1676,5956
8743,2616
5181,8867
2181,13
2053,6908
9496,4589
1853,7590
1004,5988
5842,8873
2126,207
8223,2804
4836,313
2996,897
2680,7360
2818,8982
1839,238
2271,2160
1771,7645
2334,5904
9285,1932
1818,6207
2624,1991
4263,3127
4310,1601
5848,8384
8503,9819
3243,3078
4588,197
9039,3056
9725,5408
6702,1502
3646,1340
9010,2398
6815,9285
4112,1412
3539,4379
6745,660
503,2786
1664,2121
7952,568
8343,141
8699,6932
6969,2578
6219,5345
1519,9165
5509,3853
659,1436
9832,5045
3616,7814
2124,3050
3582,9219
6141,6318
3848,4046
3067,1386
1292,2576
1503,6464
740,2731
5156,5257
9849,1146
7122,6262
504,3508
8538,8182
2283,5251
2068,5784
5084,3100
1594,3568
1189,1802
8192,3474
721,1141
3051,9628
4996,4264
1786,615
1087,6581
3046,5774
1391,729
4295,8172
7593,53
5843,116
5905,7236
3919,7709
9907,1028
7601,2445
8914,3143
1910,9553
4331,1981
9165,6731
3594,8266
4043,659
5267,2769
8222,4548
9474,5626
6301,3562
4895,7998
9668,7961
2323,1917
5167,1100
3294,2320
3160,2642
2262,5990
6558,5336
2194,9544
3719,7222
3124,8959
1549,5885
4349,2454
9182,4954
4022,3323
2533,5366
4784,8468
2559,3075
7353,1460
1378,5950
9707,3373
1819,7057
1483,4966
2524,8647
299,7016
7669,1248
7425,3441
4840,7587
8076,4937
7189,1531
890,8187
4414,9646
6925,7807
8254,7807
7260,4350
8172,8489
196,4271
8098,2582
2754,6033
1280,4063
9193,3897
9608,7955
3424,4789
4865,8001
4863,7474
9109,8015
461,6753
6702,2594
7110,2068
2707,3239
7650,4014
6836,5102
638,530
3020,6492
7578,8112
7229,5584
7302,4388
1070,6506
1112,3722
211,3967
4394,2338
2755,3320
8915,4010
3783,3232
6213,7803
6729,7741
9246,4100
5103,2077
9695,1815
5288,9435
4637,1967
754,6675
9256,7517
2481,9037
7198,28
2718,840
2929,6653
3282,4570
772,1299
8656,7748
7606,1061
3640,4418
4835,2783
2460,8208
2312,7088
5697,3133
3800,7618
8938,9890
8910,1648
2022,1197
7700,2682
7588,4545
2267,4205
8463,4922
356,239
4360,9213
2814,4954
639,565
3026,1233
7140,4855
6160,79
4560,3268
6475,8882
4505,250
3376,9842
2807,9978
279,3256
486,6448
8610,53
1458,6231
3675,1586
7472,2693
2303,392
3274,7231
1222,3212
1626,1294
3260,3551
8491,8764
1373,9903
229,1160
7485,6356
8101,4104
6995,5884
3670,3014
2962,3260
6604,7789
7376,5091
5048,915
1261,9784
9937,3031
6833,1695
1897,9744
2448,2388
4047,4949
8517,5117
4667,2743
1587,9525
8663,2562
8229,9416
6681,3916
4333,731
9462,3701
1398,7187
8894,2612
220,5799
5687,4927
8957,8243
8631,10
4643,2858
6451,6925
1642,1469
4016,2986
8454,9255
500,4791
1086,2592
3808,1155
5317,8610
9268,4470
3790,527
4459,253
7721,3138
5160,1491
4142,3354
424,697
9663,9783
2447,8513
3719,3336
7659,4348
2744,2475
2163,8007
7708,3309
5235,6262
50,8326
632,5877
3925,7270
9530,9957
477,8476
2861,4115
2603,1349
429,1572
6557,2910
9300,6944
891,5816
7912,2133
2375,4717
1598,9497
9218,4254
6759,7681
839,8346
5924,2777
4244,2590
5699,8587
1229,655
7763,5490
3123,6248
8268,4521
4210,1478
3072,7175
3149,6068
8034,6670
9815,2146
9144,7126
5724,6515
2956,4781
6676,3901
7795,8510
908,914
2191,122
3072,6871
7580,2913
1760,4420
1076,9256
1466,715
9381,5211
9159,7302
6286,3161
6879,274
8367,1211
6090,3365
5139,2927
7176,16
2335,5020
5579,518
681,6902
7963,9530
8001,5651
4154,4622
9470,249
7156,5827
6798,1546
6966,9401
7442,1421
3067,1935
1170,9700
920,4144
1173,3992
7352,7608
7112,4853
3320,4414
3590,2271
4132,3315
9293,5105
6250,5108
6098,8842
733,7061
1743,3138
7020,3383
8105,4095
3643,7453
3629,9473
6073,2838
5676,7419
1677,9119
1916,9296
1262,533
4879,1510
2645,4545
8527,7092
8334,7943
1922,1233
1360,1326
6752,3552
9994,6892
1742,5917
4658,683
4533,8017
6665,7990
4833,4755
3201,1170
3499,2193
4356,7691
4320,3491
7951,5708
3461,2472
1590,4211
6358,4161
5014,3580
5068,1873
466,1310
5881,453
1988,5383
6491,3271
294,7528
9542,5984
4705,2656
571,2926
1736,4469
5660,5731
8356,8980
8814,7697
8156,9136
6445,4755
6396,4976
2969,2889
9241,8011
3701,2390
2918,9505
3253,4446
6244,6624
8690,3524
4894,4593
2149,3546
4354,5281
363,4132
6052,9029
7583,4730
6149,1845
7350,3491
4391,6692
1926,2975
6047,989
7072,7073
6568,4975
9377,884
9756,1935
2046,9731
3124,5596
2908,3512
8283,7010
2489,3779
335,7677
7112,6186
9726,5183
1425,9720
8159,5507
5798,2232
9019,9863
3072,2805
9867,8186
7396,3540
5845,9955
4474,3694
6098,1156
3255,6610
3302,4795
9255,9082
116,9517
9039,2161
2555,7954
1998,8713
8920,9114
1055,3960
2739,8190
3734,2534
3381,9224
7148,3353
8842,4506
464,6190
7446,669
736,3109
1576,1693
6202,263
9634,2959
589,5345
8696,1183
3657,2349
326,4840
2212,8945
5668,5251
4767,7701
591,3231
550,2023
6935,8303
8226,4513
1102,6954
1176,9382
393,2952
147,2385
3387,7054
3668,6876
1467,5471
8073,8304
347,7071
6886,6089
8652,858
5010,7447
636,179
9898,6824
2388,7787
3876,7479
1442,6060
8133,4569
1494,6853
8480,1211
6426,6155
7690,3283
6437,6146
6893,8506
6895,9780
7355,3105
4857,8750
3989,389
5721,4089
4950,4916
6993,5289
8028,3971
4441,6916
2572,2356
18,4530
805,6824
7161,8975
331,320
7660,4366
5846,9427
1423,3138
8813,1164
8852,2875
2499,830
3180,9231
5178,6528
3475,3723
1651,6542
1057,6746
2096,9378
7342,2815
3494,4313
4182,8220
1339,4303
3559,7593
4267,8201
8781,9574
1216,878
5274,8534
745,9864
8514,2877
6027,624
3685,4596
7199,8468
2365,3108
8393,4197
1922,1208
5641,7009
9317,2192
9908,8610
5162,2787
761,8599
2038,2903
9908,3624
7623,3713
9112,3726
4059,5021
4786,5955
2007,8568
1716,2498
8204,4768
128,5589
4815,6717
8425,9669
2353,4351
8562,2772
1624,4556
6192,4316
4405,8372
3995,3140
1152,3768
1256,3858
6347,5353
9006,4244
9145,927
2072,5027
2973,4067
6670,7245
5753,9341
2872,6464
8807,7072
3434,1823
7352,6443
2854,3308
3600,1434
5865,2215
7695,3482
4871,321
4330,3998
1825,5197
4000,156
276,3124
1573,5783
147,830
8001,8319
6942,895
4710,8456
96,1328
9728,7592
2225,613
7288,5401
4923,7984
8699,5419
5892,1021
9357,3351
2699,5537
1376,2420
5690,9525
3224,2238
4577,2353
8563,1648
1660,847
2332,6378
698,336
8015,3427
7862,4829
4924,6225
805,9260
9223,781
8768,7329
3426,7216
3255,2312
9892,944
3633,4911
2906,5106
9948,9959
3205,4050
7177,9210
3150,2619
6313,1479
9689,4932
656,5555
4996,8542
8998,7220
9883,9520
6500,5064
6873,5160
1567,773
9043,7607
5566,2598
8426,3452
21,2977
1440,2566
5714,9774
30,1244
5214,4119
3492,3577
728,163
8241,2253
8519,233
6186,5381
7664,8404
7096,1494
4394,4771
6699,3831
2086,2735
2185,9644
7713,3272
9988,4902
319,9694
5612,2963
1306,2177
2076,838
7911,3536
3846,2338
9525,8746
3822,8146
9989,3565
5273,4089
3895,2927
3829,7948
1416,2425
9711,8336
7816,6954
6036,6700
6366,2110
687,5070
6376,3701
3347,7849
6676,1313
1559,4422
6873,3860
7919,1182
5914,3495
932,9052
3503,5514
7269,6256
1328,3311
2092,1425
9857,1746
2603,4570
2672,3140
5540,9364
1784,9604
4132,23
7385,3077
6730,1267
3516,6830
182,1940
9861,4489
7756,2723
3099,8774
6825,1256
2965,6881
197,8214
2986,9177
3969,8874
1427,6128
2375,1698
610,2783
4414,7986
8339,6986
1540,9182
6306,5539
947,319
5990,6231
6359,6577
7684,5384
2064,1709
7849,1770
8889,5823
4275,2791
1276,3396
1963,3327
3970,947
190,4984
6377,4641
5472,1214
3094,602
4440,2637
7693,6321
3877,9915
5716,5221
1226,5304
1033,2507
5702,7750
5869,5429
4682,8641
8125,3857
8695,6048
1892,1822
5175,9303
2008,6166
4624,1059
9708,9784
6203,5722
8226,2516
1380,5820
7550,456
9688,8939
7190,7012
7757,5043
2826,3152
5202,7855
6854,738
6535,4964
3702,82
9117,2741
9185,156
2300,9283
7862,9368
7151,7578
999,4241
8072,3754
3433,1091
1791,3318
6820,8230
4963,7380
3124,1209
3727,1633
1675,9147
3318,3711
5599,8118
9147,4720
9939,893
28,9741
8543,3045
7649,5249
1731,8976
5230,8469
3131,5808
7148,600
6464,7605
3572,9885
7410,6746
8003,5288
7042,8808
2327,9111
6887,2810
1271,7828
3816,8587
4911,3825
5610,2572
2129,8508
5902,6967
3839,1964
6280,286
108,1487
2258,9419
241,7883
4521,7468
1717,7410
5571,7444
9653,2420
4359,7186
1066,9842
6481,4700
9057,8332
1371,5353
6326,2894
6493,3885
5136,3927
8768,9048
8147,7354
3574,7844
1209,2884
8206,3713
5513,8688
3403,7373
7278,8260
6071,7385
291,6046
5770,2129
3880,2930
3883,1765
238,7123
1263,5078
4474,7619
7637,3382
9639,1393
5097,8865
1230,9080
3793,2806
6325,67
2945,3522
166,6440
3615,2035
3164,1499
5370,2812
8650,6456
9740,6753
8792,8360
7411,5127
2605,9975
5119,7196
345,3440
2025,6073
7926,3485
7894,3420
4457,9891
6176,8652
6412,9351
4505,337
9904,2038
5190,530
3473,4189
8539,638
1776,9338
5962,6729
5427,5110
6243,5830
6924,6574
3346,8349
1001,5987
1385,3392
3534,3099
7588,1225
1711,8109
4523,6544
5050,8023
202,383
5028,8632
3129,5855
6938,3625
740,906
3536,2643
9618,792
911,8050
2961,2473
1273,2785
4564,6857
7154,8524
340,5397
7134,3698
6301,6466
953,8524
7690,6062
9843,7758
1896,3075
5276,5022
2608,7841
6041,5833
964,3372
8983,7215
6876,7756
4322,8032
5136,1199
2086,2137
5524,1855
6403,8701
2876,5376
6897,3314
1764,8046
7266,4758
8717,6706
1691,601
2283,2760
48,6033
6626,1434
7465,5676
1571,4772
514,4171
535,8502
5753,6020
4008,796
3748,6124
2965,5681
5700,8095
7145,5994
5791,2280
9229,334
2269,1012
9692,9561
4864,5520
6474,8483
1009,6060
9623,684
5793,8671
8289,2052
9995,7714
2395,4714
8219,4636
787,763
3490,8203
8289,7811
2203,4310
1473,1470
7719,6448
8808,9289
6127,7600
7401,9235
1333,940
7326,8357
5749,707
6702,5219
6899,7473
3126,2183
8941,9344
6757,453
4948,5093
8876,270
5470,3687
3897,127
4709,2271
9258,2117
3701,3071
6671,4626
5311,9300
7706,7022
8542,9440
7377,6537
9683,50
9428,8076
4289,4682
1424,9747
8856,7684
2327,9442
892,9540
6722,1515
1619,6095
9952,9697
4121,958
4226,7339
2617,146
4508,7586
8181,3112
491,5855
9062,5761
5438,4012
5567,234
6945,433
9794,7949
2722,2717
9254,2375
1186,1874
5530,1967
1289,8508
9824,2064
4834,7755
5682,2514
2284,7765
9643,7877
2398,1464
1407,930
6845,2397
2708,6159
1267,5763
1105,2035
9814,88
4653,3605
7683,3788
7328,8550
5566,860
3656,1395
3817,8876
7707,7987
2571,9963
2198,9690
7628,7919
4102,4968
281,5114
483,1866
5930,2093
590,4535
4044,7822
2680,9207
244,1811
6305,802
5291,4728
9935,8228
289,2844
4528,7024
1316,9534
8270,2150
6808,9624
4838,290
5340,4937
7556,2048
3725,8941
6034,9297
3139,7834
8273,8564
4719,4464
3064,3643
9149,6842
9338,3235
2119,9415
5843,4887
4889,2036
2989,1296
6380,7559
8837,5752
9356,8847
4479,1826
4678,5832
502,3895
5753,1626
872,9793
3913,8540
5173,2499
8828,7718
9397,946
9743,9513
3291,4568
1677,403
9535,8466
1558,8078
7707,4742
783,5956
6657,801
9036,1331
7211,9627
23,3128
6113,678
9801,5648
3083,5984
9817,4432
2424,7438
6364,6516
8923,9843
4583,6326
7422,5892
9890,7961
3774,3843
7917,9364
6276,5367
6138,1341
7134,7199
88,3817
6908,7757
573,2358
9692,1509
6183,5191
4638,9856
4377,2817
3498,7170
6524,2383
5195,7024
5043,9591
8547,4708
5745,7845
5584,626
7276,955
4794,1767
9395,530
7514,2656
1560,2428
3240,7395
5973,4337
8722,3529
4817,95
11,4533
329,2340
5455,134
4969,1818
9261,9862
1737,7698
5892,8843
7166,189
5888,1816
3082,8296
2878,5861
7238,8368
3479,6658
3819,9571
8962,2306
8334,2794
7330,2682
4185,8450
6888,8155
6840,3795
1240,9805
5952,1923
3246,6014
7199,6783
439,2959
7629,4951
5753,8911
1736,6368
910,3761
7264,7543
1207,3998
6393,2722
4200,1797
3168,8915
5662,5782
5463,1966
3565,2593
3841,828
5476,7226
8874,3126
6821,5265
3936,1794
8234,2060
7913,760
6610,7070
9864,1171
605,1377
2544,7254
427,9513
6788,6983
3611,9600
2598,4311
9722,1705
149,1785
4191,470
545,1387
1863,3860
547,6227
1269,9014
7100,2202
9328,7427
7107,7576
4940,521
2779,8749
9790,9754
9612,1768
3732,8586
7654,2597
8865,8563
72,9032
1303,26
8420,8214
8169,1619
5843,7977
721,1677
7469,6114
7419,9718
7272,4136
6936,9953
7781,8161
6658,5454
5841,7007
4280,2905
7071,6958
2954,3199
2315,6697
8021,1043
759,5292
2384,6921
6540,6277
4470,1719
3480,5718
8058,5505
5815,9661
4800,2685
3556,7058
5488,555
6368,7575
4432,1180
2434,3609
8339,7965
9354,7935
2481,5449
8818,6996
1201,2073
8512,9513
2690,4882
1367,4658
8165,2513
8774,5809
2225,2125
6651,569
4248,6918
5546,6637
2405,8573
2249,8944
2746,7958
7287,6954
3743,7962
8133,9336
618,4321
6581,1712
5694,2600
7035,5459
3194,2024
6853,4401
2027,4259
2273,4612
9016,5695
5161,4321
2434,8655
2443,8609
8892,7061
6873,4439
1879,8804
1415,6472
3453,2702
8297,7204
6798,7868
2199,877
7426,1147
7449,29
7263,4318
3572,675
8613,6591
6969,2617
7105,7244
9737,2803
8330,5796
9059,1514
2427,4284
5414,5443
8673,2849
7915,3831
7611,4608
416,33
5525,7935
7530,5750
8066,412
2583,6290
4492,4818
929,4131
3559,1849
2506,8209
924,7637
8520,1868
2597,9352
7907,1125
9705,5583
974,3568
2777,1948
5879,6156
4650,1160
829,8652
6786,2589
2617,8208
5975,514
9029,3267
9982,8424
8612,5634
3195,1642
7502,6628
4926,1038
4967,5083
3054,8321
9317,5741
7394,7625
7023,2506
2334,4021
1445,5460
4865,2314
6199,2108
7559,9537
7119,1050
2541,6097
7892,7463
2656,4892
9827,7396
6544,5115
8774,2065
4292,1556
2592,1272
6776,2850
1370,484
9072,3161
9332,9221
7014,7329
6617,3489
9911,8066
2845,6255
9938,1701
675,8886
5558,7405
3081,2673
968,9691
6856,8141
22,1125
9259,1844
4841,9103
8235,7587
6289,7272
1860,9847
7198,3563
3569,858
4987,9264
4930,6098
6095,3115
2860,5073
5264,667
6113,8763
8827,4381
8576,3691
2780,9244
4808,279
7567,2932
6918,7026
1415,3568
7960,189
4851,5652
3064,4847
7780,2009
6114,1800
511,6188
321,4250
8297,5831
839,3394
3902,8622
1313,4740
1120,1025
9597,2721
7372,2586
2008,2058
8429,9894
2543,5995
3890,4944
1233,7565
2811,3860
6001,917
734,3256
5243,3146
6440,7104
415,6859
3013,5126
3051,7812
9688,6161
1009,5019
2580,6310
9697,9631
5676,3510
8065,8693
4728,1485
3364,8720
8113,7414
1038,6402
4427,2098
1620,3484
956,8479
3460,2310
1379,2459
2358,1124
93,946
6991,5466
1606,8615
9957,2053
4501,6264
6661,54
2108,442
7894,579
86,940
5573,6677
1999,4086
8516,6652
3566,231
4884,1886
1410,8004
4911,9305
6700,64
9633,499
2323,5953
5153,6818
9621,2695
5765,5208
8031,620
3030,9115
6926,955
5812,5400
1266,6808
5900,9612
3901,3072
2261,9481
2898,769
6912,3673
6447,9304
637,7728
1063,9734
5057,5559
1839,7528
7172,1113
1444,8128
1504,7032
4112,1253
8642,2818
1137,6924
9120,9243
7085,2038
2408,6472
7689,1058
7350,5002
2018,6796
2267,7676
7789,4664
9623,5392
2034,1441
4997,2810
4230,8953
190,8318
9699,7638
8604,4248
9489,2943
8710,7599
2880,5234
3308,6481
6686,8403
2329,7357
5020,1059
7343,9343
984,5389
632,8273
964,927
2141,5257
6158,5475
4695,6218
3597,8924
999,8131
8496,6987
2709,8819
6291,8315
5187,7283
4621,5979
8420,5287
5242,2290
9209,8583
3951,3065
8750,786
3265,7701
5550,3232
1825,1957
2617,4028
9481,4784
5802,1383
9700,6263
9937,9242
5146,9955
4299,3195
2901,3619
7437,2550
966,6702
9760,4193
4131,819
4444,1098
4165,4383
1868,9208
5623,4475
2294,5363
2827,3040
5457,8977
8123,2812
7012,4727
3946,541
4462,9075
9055,3053
461,7725
3394,4406
6013,8509
8102,5776
3401,9044
1650,5249
3575,9756
6098,856
9318,3969
3440,9933
130,3982
9748,9234
7966,1019
1612,1249
7214,4613
3250,1524
2650,8453
7426,4150
9957,793
8104,8295
2256,6492
9460,1793
398,8853
3254,286
1108,6946
8683,7017
1156,9373
8414,54
9695,7723
7765,6172
3193,1601
6086,7829
4440,953
1767,7213
8485,6199
7027,1762
5234,6153
4472,6093
7662,2658
2661,2968
9642,2023
70,2993
3885,7349
8274,6456
8686,1074
258,2645
4061,8443
5274,6006
1065,4846
6372,1164
1989,1173
2921,6386
4578,5032
5573,6879
6080,8129
5291,8694
1800,2282
8374,2820
696,7089
2551,2598
6139,5309
4714,8043
3214,8677
4946,9465
8423,9546
4935,8738
1584,7959
8701,1496
3962,7908
7560,1389
8906,6792
6674,4149
9836,5879
1857,6573
3813,3269
9406,7613
8030,8838
9187,7888
5041,8221
6612,722
9473,4577
8470,5139
7464,4235
9758,3008
8651,7102
2247,8436
1220,9646
5639,7910
7914,5448
5160,6175
7088,1776
709,3101
6307,7321
9927,4696
2577,4410
9714,5260
8800,5656
238,3250
1810,153
2251,209
3623,8690
2461,9795
6303,6795
2865,5745
7601,7845
8869,7500
3329,8227
2335,7049
2113,4158
4481,1541
8881,8989
5384,4789
57,8313
2922,7857
9941,960
3106,3262
5306,7624
8210,5083
9499,8298
7147,5005
7231,2801
4298,1748
8341,2485
1968,6048
4933,4944
5870,6074
4529,5703
4933,2288
340,5869
1629,1264
6952,6646
2049,2921
213,9081
1188,4517
1770,3645
5894,8640
2322,3271
226,743
3604,9693
9679,8798
8514,5687
1450,8753
2308,1555
6943,921
1752,3226
81,5469
7951,9246
482,1788
9350,8682
6136,3713
3915,5014
6437,1526
6677,1288
9884,2277
5171,8497
1376,5352
9856,5090
2176,5065
4070,5636
3426,761
4518,6926
1049,9971
1053,6476
4630,7364
2214,6888
3157,3597
723,4217
7456,3658
3392,9696
5638,1843
7762,3039
8141,8167
3956,6814
5720,9348
9407,2951
8563,7597
9311,7068
4554,8175
903,6017
8009,9414
3783,6341
6272,2737
901,5887
8927,9251
5113,2503
4630,6992
8111,4826
684,9296
8753,6038
1213,4368
9572,3715
4165,100
5200,2245
2015,6560
7074,8230
618,3679
4915,163
5960,6155
2326,4664
1551,8660
9045,8650
394,4016
4246,2840
3429,6966
351,6500
7594,3339
2738,3039
395,2955
4319,7215
4270,8512
4516,7107
9797,569
7718,7796
9107,7331
1408,5
8935,6977
2085,6391
3301,4986
7305,253
7984,1268
9403,3305
169,7007
5222,3061
9377,8189
6018,9730
4830,1561
9635,9969
9167,7239
5588,2323
3050,9319
9837,342
7293,2605
5933,6312
7133,5303
9442,5110
1890,5634
826,3607
790,9226
9343,2503
3678,7291
4440,5238
5773,5772
4687,4349
3774,1498
4321,7373
8036,8925
9371,44
6819,844
1455,4366
7003,7539
9311,6484
1437,6651
6340,5820
6645,3658
8970,1265
3576,8520
3542,5279
3689,2852
101,2008
4906,7646
6072,3615
2284,9556
2989,4451
6317,9288
378,3149
2384,2178
7535,2875
2017,8302
8693,7506
8617,5566
9281,3470
3961,7430
6159,6229
2238,8845
6028,9006
2815,217
978,4123
2930,2601
8928,6251
932,1762
5256,6951
9052,8321
3563,1028
5696,7051
196,9168
7945,2236
1633,2657
7967,6897
5665,1602
7744,2839
3349,3030
7233,2246
3124,7922
1244,9858
384,205
5109,6414
5908,5353
7805,6017
4474,5257
6705,7272
9224,5933
5396,1818
7816,915
7083,4401
6749,6011
1858,8915
9334,4611
5477,7375
7504,764
2979,126
3481,1321
1017,9597
5800,1608
3625,1490
1549,4494
2676,658
1445,8957
9477,8567
9439,8192
8296,1913
4144,6210
6867,7327
1903,4807
9615,7272
4301,4657
5544,9751
2068,3375
1215,4298
2958,5389
3640,6111
6422,6637
5483,9227
817,6793
7923,8513
9861,3540
4753,9712
745,2126
6328,5641
6167,6142
5952,7556
2061,2765
8399,7712
1684,1899
9834,8417
7024,6876
6518,4454
2059,3770
6221,1853
6515,3443
7553,8845
786,8071
636,6422
5385,841
3489,1179
2941,2920
4039,6413
4738,2527
4907,2061
9687,5607
3221,4112
3663,3429
5455,7099
7889,6804
947,3215
9678,400
9725,4972
1287,927
5981,8149
3000,4660
5940,7503
6008,5144
6824,7875
3834,1308
6742,4269
9599,9243
7754,8660
666,3119
6355,9861
2529,4442
9785,5974
5748,9583
9723,6578
4382,8776
5536,3577
9291,7317
6040,7990
2174,4118
7697,2541
7659,3447
47,9449
7145,1563
1289,9370
2212,202
8555,6135
1951,835
5966,6257
28,4268
8420,1855
6962,4792
4516,2864
3872,9743
5818,225
6845,9399
7874,6171
1641,9299
3853,900
865,8634
5309,767
1875,7190
5173,2084
2383,7474
2904,3095
7621,8768
2188,7498
6714,2539
4830,744
9129,3523
4914,8262
403,2710
2899,727
9804,1038
7826,5522
2352,8816
1350,3272
3168,6826
2467,8665
6722,2966
6866,9166
267,3180
7658,9950
9514,920
2391,5457
3017,4807
6721,6401
6750,8751
5731,7370
3108,9571
5870,1933
5721,9906
2828,4754
3866,4752
8061,7591
9271,5091
1565,1219
3124,9038
1990,4378
5561,3428
2031,2199
6399,8528
1243,522
9720,4946
8560,9305
9948,7489
13,8200
7672,4891
3792,4901
4448,6507
3680,715
6304,2390
686,6409
9289,2467
3377,5514
5545,232
1393,6168
8256,5564
1223,2625
3164,7569
5522,1502
8698,9784
2754,4342
6698,1249
2445,8918
9307,5862
9387,859
5884,1516
160,2304
8012,2622
6477,5286
6454,5737
2564,8510
2418,5114
961,2058
4205,3558
7440,5897
8579,9494
7947,9970
9235,8921
8801,3956
1332,6777
6373,6990
9154,6071
2064,4906
8618,5861
9828,229
6527,2034
7184,1710
4502,8782
7835,5932
933,4493
1624,4596
8873,4530
2899,3645
6331,3254
823,9048
5979,8051
1476,6506
4496,4695
4361,849
4464,8440
9587,6858
3197,6175
8873,1676
3105,9196
7292,4520
1179,9167
7313,8538
7502,5103
5425,4575
9684,8544
5882,8878
3762,4029
5937,1638
8252,8674
6099,8543
1753,642
7602,5390
31,8772
1904,2763
6544,139
8140,7467
9925,8218
8475,2829
6376,3153
1645,3564
7196,5539
2915,6923
1486,3455
5361,6294
9441,1521
9885,6620
9780,5477
5190,4825
7572,6315
6366,124
336,7628
8173,8830
2537,2815
1100,1943
8771,6131
9318,9576
2953,5779
5653,6920
7852,3344
8258,236
2065,9074
6174,9676
5673,2228
8924,1488
3151,4232
3839,7580
8466,6241
107,654
6805,7087
2734,7930
5647,6426
7716,311
9918,5023
9510,4916
1802,693
8002,9481
3330,4716
2766,3144
1222,2845
5386,9244
1205,3930
1162,9386
9549,7996
3572,8285
460,9583
8398,5796
1468,3725
7696,1551
2063,8790
121,6489
1984,8431
6543,6998
5735,3126
2093,5329
2090,1281
694,5024
5126,7532
4871,1365
2796,5810
6541,620
6164,7714
1,1369
7649,9400
5282,2397
8720,5312
4180,2200
2387,55
1977,3852
7583,2195
2772,229
706,4903
8935,7821
618,8886
6828,5421
5506,656
5826,2487
2740,9509
2445,5523
2826,9661
6058,9180
4504,5546
5847,475
8675,5481
5555,8930
53,2314
7050,6415
8684,5875
1386,5157
7466,10
1086,4220
5331,2851
6864,3458
57,6068
4039,8055
8145,3793
4573,9105
2071,5269
1398,1258
796,7621
8850,9777
6009,7530
3985,1974
4215,5889
2908,7332
3346,5661
792,6020
6909,7937
8424,3341
9517,8773
5703,8117
6517,3878
80,5626
1914,5202
2249,6475
1302,9092
4891,4497
9925,6624
1180,7733
8554,8786
3910,8865
7361,4345
4074,8935
3468,6412
9225,9223
2753,6090
5540,8688
4662,4632
9577,1066
8616,8026
1458,2253
4182,6721
1281,3232
4189,2644
2637,7871
1665,8668
8432,5274
5062,6033
6395,5119
941,214
3313,9899
432,4113
1131,6517
8450,4509
5147,9440
5349,1285
5305,2549
8508,9259
3387,7612
8222,6741
802,1004
3024,3121
2780,6196
7981,9553
1564,4120
6954,2940
3037,6873
2850,4779
6594,424
4811,816
6065,8894
9037,1189
4160,8437
8423,5880
7810,2592
5720,9395
2973,4222
4259,5330
4338,8943
7832,207
571,1443
1163,972
8044,5447
8323,383
7088,5207
7328,6012
4232,674
1964,1358
1542,3792
9087,9302
4874,9630
6589,2568
5243,9974
344,8971
8364,6739
1017,1058
4663,4634
6209,1304
597,4907
4874,97
3478,2986
1766,9152
9564,744
9947,6461
8942,518
436,2188
3810,7888
8024,5736
5540,6237
43,9034
7273,5924
7979,4220
824,5545
7711,4705
1310,5265
5938,2911
449,4411
199,6663
7217,8803
1965,2550
6144,7726
5585,5720
5270,9648
5567,9589
8678,1268
3006,2840
529,8541
1309,5352
6251,7772
9128,3350
2667,8677
5737,4147
4973,9231
1874,5997
3617,5129
2008,9013
3520,1949
6343,7713
9527,5779
5721,9212
4877,7825
9195,7620
3301,4313
5488,2381
2625,488
4074,5455
4750,1479
1817,4661
5943,7714
6670,2964
3891,9189
4386,9215
6968,2825
8550,4747
6231,4937
5618,3388
7880,3741
8132,9107
9306,6241
1016,7860
939,5395
8535,4736
8065,6090
7961,7678
1603,96
3051,4635
2366,895
9161,438
8041,9501
8038,1300
4118,8780
8274,2091
1295,96
4658,7035
863,7461
3464,8176
257,8661
8353,7352
4360,9411
6543,7305
3918,2112
2205,5338
8909,5143
4557,6284
8867,1807
4105,6722
5207,1062
4918,886
5952,7584
1169,4081
4266,558
948,4963
585,4357
6899,6363
5052,508
9164,5499
5028,8443
5632,8883
5065,8278
581,2643
2353,1401
236,731
6343,7738
3421,4403
8230,7059
108,8259
8536,8129
323,3224
639,2582
4026,4392
9729,3299
8354,1658
9746,3308
9576,9773
176,4971
2197,8511
5877,7749
9564,3871
414,1151
4821,3118
4672,594
9234,8548
4866,7198
3016,3996
7306,6117
6481,6962
9340,8141
7205,7055
9359,9611
4971,6837
4004,7068
4080,6060
5997,983
2998,3401
7822,3780
4296,8561
9584,504
1886,8942
8084,1114
2188,1596
7826,331
5425,1381
6295,2463
7230,9212
6465,1594
1566,5855
1952,9940
9498,3197
3415,3953
905,599
5554,4342
7162,9248
3121,7908
9201,9094
3347,5235
2868,7641
2394,483
5183,8008
6168,5206
3374,8770
84,869
1528,2632
5002,340
9778,8978
4453,2131
7548,3052
3611,6136
692,8560
9449,9193
287,4331
3180,8293
5843,8101
7100,8304
8755,3979
2406,3447
4329,2833
4426,9866
5476,2111
8340,1545
1108,7503
3743,8269
8206,5583
6026,8396
7817,1087
1519,9825
2086,2301
3140,9365
7418,2989
8710,8292
84,9114
3518,4385
6819,9700
6232,2612
3826,4249
9583,7953
5021,3002
3537,9675
4794,9309
7844,3007
3985,5222
6416,3570
8347,735
3698,1326
3330,1395
556,3251
2588,3041
2123,6162
2121,5983
4818,55
2309,4915
5996,4645
6848,4396
1396,3857
7250,4282
2791,1305
1989,7052
1555,4258
8204,7776
1061,5056
7992,3586
8861,6780
8208,7124
8198,4849
8037,961
2471,3647
8563,606
235,6055
3692,4897
9128,7112
4004,3258
9653,7783
3210,9031
8676,8466
4532,9095
3463,1031
2477,6580
1525,6960
1531,3643
7504,9657
2081,4508
8480,3157
8511,2715
5607,4116
9518,926
4781,3148
6265,9408
5580,2963
4321,542
4867,9464
8393,622
6690,5269
5873,3849
7189,8552
6318,9500
3754,6559
763,5784
9549,4981
2956,2459
8434,9173
5358,1123
6259,6165
2002,2950
6310,9187
9440,6408
5319,449
5167,2295
8960,706
2722,7290
5280,8994
1901,1292
2819,4666
5254,3332
6550,5760
8713,231
5631,1816
9132,5221
1832,1868
1511,9437
6416,2775
3316,872
1996,3922
5005,7485
2888,2755
5269,3211
7293,8119
556,9884
2387,1836
1748,783
3959,972
4766,5758
5359,9136
7749,892
1912,7670
7913,3182
6146,7789
976,1802
9570,257
8702,2808
1530,5568
3887,2838
3611,7863
3166,3901
1893,1458
4471,4153
2361,3385
2745,1240
1271,9505
585,1136
5090,8273
1888,3722
140,8830
4761,1259
290,6084
7216,2250
2328,7427
1977,3986
4123,3908
7132,6223
6080,4799
9916,3640
131,3395
905,2059
3504,5517
1215,3194
8623,8572
9388,2403
6964,2304
1641,7377
376,8777
3074,6042
856,6203
2863,9964
881,5548
1189,1921
4308,1219
1766,5694
702,4849
4648,8878
5198,8058
3604,3673
6970,1938
561,344
5448,5520
6225,383
7943,2343
9136,8432
628,3635
5239,9767
3050,3353
4841,1625
5151,9317
951,7214
5236,7541
3433,6725
6538,9711
8781,6102
6056,8724
1386,8610
5333,4973
8946,1898
1118,8882
8302,5520
1820,217
1221,6864
513,7762
1671,8198
3862,5635
4011,3267
5893,9448
4508,9188
1088,8636
2265,2253
7830,266
1003,6791
6686,8155
3821,8570
4530,9994
7273,3677
2326,9445
4480,9292
3274,2363
1574,7418
7705,3876
8140,9706
5893,3058
8141,3773
2604,9875
2035,1348
4563,6991
4571,9337
5271,5868
3366,3309
3577,1
7447,2436
6234,1983
8816,1661
2956,2955
5059,7374
6147,4118
4304,5498
2874,6871
5554,1683
6627,6619
8466,1026
6229,9099
1985,7292
951,8350
9262,4961
382,2270
2855,2649
7751,5862
3013,6145
5191,2048
779,8008
3021,1877
1196,7419
7404,3016
1322,5653
950,3180
3671,5171
121,4630
1774,6076
288,644
650,9724
9385,1389
2612,1612
7807,7300
6361,6135
1569,6949
7510,4607
158,5505
3429,342
2545,6171
30,2781
3043,5274
7826,9246
9938,7913
2302,3805
493,4782
6576,5605
9549,3988
4242,7397
6145,1971
1892,9179
1275,7748
6076,1267
1825,671
7730,7588
5722,9022
6020,3123
767,270
9651,8209
6741,4413
4104,9186
3455,336
1969,399
3905,5376
2113,6257
469,9354
5759,6109
8968,2395
2128,5834
8973,9171
741,5341
7208,1968
1252,3283
5167,5459
909,5605
4823,4014
810,404
2652,501
3035,6179
5578,7422
4017,7419
9362,6227
4876,1966
311,8043
8483,5550
851,3488
9463,7400
9534,9903
7349,7642
1174,6269
6198,4021
6961,2712
6688,7944
5723,6351
2186,558
232,2949
8330,6066
1506,2143
8359,7330
4253,6022
5939,7658
3860,8859
3844,6043
8515,5239
162,9456
5835,2004
8968,7338
6008,7714
3552,5064
7949,263
6449,2358
6825,6642
5372,7485
6093,6573
9888,5086
2407,7279
3990,1588
6054,6331
9897,481
2260,5678
2211,9439
9938,7134
8928,3472
8371,4299
5783,8437
6599,8935
2683,7538
275,7455
7065,2242
9323,8091
2089,7715
2909,7237
5159,9427
448,3791
3503,2258
8697,627
7660,2793
7534,1499
7588,9630
9724,7568
1983,503
7304,4603
4024,9040
3783,9297
3962,1624
364,8052
4783,8529
7696,6252
8221,8190
9091,6106
4617,4245
4305,5222
9300,4527
8427,3774
317,2841
1691,7018
2566,7233
5501,5615
3614,3839
9445,570
7611,2556
8977,7759
7763,46
5771,3648
580,7098
8608,4735
9911,1190
6327,6849
4818,4692
4022,3651
8890,2113
8867,9225
2353,3884
489,1578
9988,6705
4410,5913
5066,1615
831,4189
1054,3064
8786,1835
1458,9930
572,3902
8498,6540
7230,168
3265,4762
1920,8240
4407,7635
8925,3024
3436,3380
5790,2234
6263,5610
8139,3338
5261,3202
5914,7934
5903,2743
6638,4980
5643,8235
2402,2158
8173,7808
5674,5186
2676,9161
5663,2765
7113,822
7245,5247
4611,2461
4892,2811
3472,5462
1415,5049
709,5485
973,5168
3849,7106
5381,9154
5327,3464
6080,3879
1355,2826
2009,6753
7051,1883
1369,775
6258,2428
8008,1959
3119,9960
5730,3000
8226,6170
9808,931
546,7125
7031,9994
8061,8163
640,9701
4099,3283
89,3161
2893,5806
2770,8770
1847,7768
4700,2707
2038,7065
2860,5092
9813,2334
3967,187
3014,1595
3289,3829
2888,3197
5909,7610
6398,3767
1338,4116
2409,6460
5176,3764
9204,9266
2092,1794
4903,7025
6828,117
2463,2074
5476,6430
6545,8362
7922,2259
8459,3883
7176,4223
6211,1633
623,1083
1636,4687
5564,905
6767,3917
6286,5757
7419,1528
4750,3654
3436,9680
4507,8131
6160,8432
4098,1114
9895,6177
9746,5886
6454,6669
2318,8271
9106,308
72,8292
2924,6031
3367,2952
3668,3203
8012,5893
9609,5199
7311,853
7304,7016
4555,4241
4049,2299
9569,7379
393,3024
3626,6030
8510,5834
8295,6344
4314,6121
6442,2772
6814,6227
2391,2832
1518,3034
3062,383
4322,8691
5436,708
6169,7594
3564,1750
1744,9075
9329,2623
2797,7281
7335,6900
8442,7447
438,2366
2293,4936
3862,1475
8845,1878
6620,6428
9787,4040
9483,3327
4421,5436
6983,8867
8273,3452
3160,6776
3471,4591
8175,4615
3605,621
7662,8672
6642,5603
8261,760
1504,7720
771,4966
6935,6511
745,3385
8496,4064
1994,3448
4275,8772
7696,4223
9128,2268
9840,5531
8152,670
6909,8904
1957,4915
138,7030
8652,6362
5367,4698
7041,3540
9540,5200
3856,546
4639,1980
6272,2725
1842,1220
9401,6447
3738,8399
3743,9897
2567,1614
6655,270
4396,2564
5016,5634
363,3458
4522,1525
9177,5332
9016,9256
8804,5068
3147,7237
3292,2586
1336,2924
6908,2555
3020,5348
6783,2446
7384,8436
9630,3619
5944,2731
9624,2537
4894,2930
9240,7709
5697,677
5036,626
9214,692
1272,7538
4750,5186
9028,7221
4589,8598
3837,4421
8941,4640
9839,7066
9126,7853
5099,4981
9320,4681
1009,5386
9677,5440
3862,5795
323,9072
7154,9222
7276,8603
1783,2948
3205,5259
5701,3845
3364,8649
7516,817
6455,3904
2427,7531
3140,9511
440,5907
3093,2020
700,1617
4851,127
8217,3491
6809,1412
4678,3964
5671,804
73,4544
6105,7718
4745,8360
1541,3948
7079,7523
8222,7261
6432,585
6616,9059
6906,7114
7160,5739
4951,7122
5768,421
7806,25
4793,2109
6439,4932
4248,4443
8742,9052
866,755
8296,8178
4195,4247
188,83
3549,4954
6883,5811
5068,56
528,1803
3768,5184
8462,3813
6068,9793
2323,1605
5045,6019
4205,1031
1665,3457
847,631
4370,5813
8144,4368
3732,7119
4610,4524
2288,9483
6007,2397
2556,7928
1601,9286
6039,9922
7194,7750
9783,5522
4111,2532
6248,6665
4862,2804
1373,4119
9178,4863
7801,2292
9618,8257
7005,668
6408,3651
7951,2920
9370,9152
7705,5130
1844,2103
9770,8238
6341,9253
7966,2262
4672,76
1822,2211
7033,6542
8525,9204
2856,373
6255,5561
5670,8828
4460,6473
1654,2226
5894,627
5324,9031
2662,6843
7195,8354
8372,9805
7226,8867
9296,989
9239,4985
9753,7621
3358,2657
3943,1152
7381,5295
882,8983
7285,2211
1614,6139
3500,3112
2316,2414
5892,5588
2518,9624
6332,1464
9701,4240
5810,6020
3786,2686
7000,9833
5906,6713
8943,9742
7482,4217
8426,490
9101,744
1377,5476
4649,1305
4433,4836
8562,9491
6532,378
4084,3189
6072,1724
3801,1024
1008,2822
1281,6040
638,1559
8071,6168
3329,4981
6441,7600
1491,9336
2163,9692
2641,1518
5040,6481
6537,9243
5538,5937
1047,8300
3409,6595
5555,5384
9939,9887
3625,9774
8191,5805
9088,5079
2362,5975
6322,9278
4641,4243
9264,2511
3075,5186
8631,5384
6160,5136
43,8111
8089,756
557,665
3879,377
4814,9834
9448,3344
1103,7024
5292,9266
6918,8053
2307,1899
1727,6100
4384,871
6895,2895
4985,2099
5823,2726
9819,5458
7656,7530
6681,4642
4967,5630
6579,3463
2706,7010
7004,988
3907,5365
8037,9143
3821,9600
9150,7270
8222,964
6801,3896
8750,5911
7147,4008
4905,3695
2331,9064
4231,8066
9979,5159
951,6702
1617,3722
1230,6001
4700,8891
6756,8287
6433,2316
4904,1860
2194,7420
9704,9130
8753,7475
8871,5044
5829,5260
2643,9547
7922,3627
9692,1816
103,8187
3153,4962
4590,4152
3916,324
1898,3310
2523,4891
4345,7390
3316,9464
6328,8546
7665,2055
9699,7298
5539,4612
8427,1600
5478,7142
8866,5637
7349,1012
1637,4333
2257,8408
7948,5321
2308,5965
4594,8453
5872,6535
9910,4269
7434,5305
3602,9278
3500,8953
7461,2510
3503,9763
3065,2897
9725,275
7212,4604
9272,853
797,6338
3211,8648
2635,5805
9365,8577
6872,2734
8843,1994
8769,7580
7636,6270
7618,8044
7729,4430
408,4318
3370,5061
797,899
1284,4972
1725,2492
6225,5751
9985,3696
4402,8676
3720,1841
8578,4917
2615,7913
1002,7344
4844,1983
3636,7023
1657,20
8906,2002
9356,5141
7776,3650
960,4557
5227,3060
4031,9179
2309,9360
7815,2701
9246,6439
6004,34
8875,4216
7287,4034
8382,219
2039,225
9349,8743
564,2417
2220,419
9488,1950
4527,307
8064,9404
8619,2164
4500,4498
8976,1345
7796,9288
4564,7875
617,9549
2647,1778
5719,9521
2657,1249
5743,5645
6002,4596
4208,2030
6696,1501
638,131
604,2475
5164,7724
9859,9671
9214,1821
4392,7187
2048,6095
7731,1962
6467,4356
9976,6707
9345,7889
1671,1532
54,494
3673,8941
91,8170
9669,4345
4351,8659
9273,5764
7782,5585
2319,2550
6551,2866
7388,7714
3538,7911
9461,4004
6084,4247
8126,7053
1086,9534
1568,1113
943,8139
2377,9746
3515,4979
966,8731
2005,3972
7614,5977
3027,8316
287,3254
6307,9016
2594,7470
1734,6686
3608,2159
7895,4552
6225,5286
5946,293
4959,9572
5930,2287
414,6144
8403,5801
7595,2911
5634,7290
9802,5260
5551,374
7941,8949
2764,4063
3303,3277
6940,381
8864,3859
9072,2754
8659,6414
5192,4236
528,5192
7448,2673
542,6933
8183,3253
2709,3330
4609,980
2367,2902
7515,4539
597,9560
672,1319
16,8590
7608,5628
9722,6170
8722,7550
8874,7855
4010,9649
6294,7382
8237,5905
6287,1741
7774,9533
7930,2532
319,9416
8899,2007
3263,7030
7716,6783
6339,2515
1725,1534
9159,2794
4437,3235
4483,991
9675,653
1727,685
8511,4320
987,9718
5643,4615
2038,4539
6218,4966
1519,5297
772,9218
8778,2202
6778,5524
8750,671
5156,6235
1287,7044
4419,9233
7702,261
4349,1033
5977,974
9781,9240
5076,4926
7550,157
7759,7479
1501,541
2982,9995
9675,6297
3452,5382
6634,3313
2852,530
4844,520
5707,7022
8393,6481
4822,8163
4109,6142
4562,7808
4676,9519
7255,5935
2893,8428
4312,5600
7182,4633
9034,5982
3090,1141
8395,8729
4772,4928
6629,9854
3945,5470
2153,106
1340,1257
4344,8408
3856,8127
6818,5149
8998,7902
3097,9673
3108,7354
9042,9753
1080,4574
2091,9596
278,7865
7220,3084
4246,6298
7336,7515
5160,3732
2426,1814
2008,7724
8327,806
3315,779
5124,2815
8911,2165
229,726
1397,5946
2262,9037
3777,4545
5304,1463
8317,2631
92,4249
3518,5356
3269,3435
3728,8889
5354,8738
5874,2854
9222,5198
6740,8624
9378,269
6199,6254
8558,9603
3858,1357
5249,7607
588,5171
8132,3169
656,3116
5267,7476
1737,6552
1259,2875
9480,2656
9315,7399
5036,2842
9353,1889
9553,5161
9538,1572
4383,5321
3732,1720
1345,1056
2641,737
4833,6108
8098,9732
6614,2991
5874,6541
728,7409
6762,5276
9265,3705
6865,9239
1097,2746
4008,9088
9098,9814
2905,9871
594,317
2600,3500
3575,1702
9936,2055
5527,5262
9017,7668
6566,961
5323,3304
2092,368
5321,4729
5632,5522
7461,6744
3482,8042
3649,5874
845,2438
3411,7473
8692,1788
8543,5108
4869,2313
7149,264
3328,6018
5350,1959
3667,651
6389,7721
3410,3504
5084,6770
8890,700
9348,2498
9033,3585
374,7360
9425,5551
5341,6423
1540,8453
3677,2946
3744,5220
1226,4444
5420,5630
6794,3105
7629,7661
6643,2941
1331,2891
4774,7906
978,2940
9202,5869
40,8895
7465,2585
6172,8644
1092,9384
412,3017
9483,4630
9812,4145
1774,118
4275,6740
5888,4410
2953,5449
8327,1765
7147,8013
4359,4855
2695,5444
3176,2963
1659,4807
9250,1324
2522,3297
6776,6970
4070,2222
6655,2520
2368,3541
212,1523
6371,310
6304,255
2993,1868
7386,1653
2923,308
1088,3908
5668,9254
9296,5572
1302,791
7356,7346
1414,2693
4196,8224
5549,516
2143,320
9268,1147
6400,3710
7061,6868
3685,686
5303,3918
5279,4607
5484,2616
9052,7370
7659,638
308,9532
5528,4446
3431,5002
3381,1034
7559,7221
5957,8880
5327,1045
6636,6877
97,1995
425,6505
855,2574
5440,2087
6106,2560
8501,1158
2768,6331
2477,38
6681,8687
3910,4751
5597,2213
7298,3703
4148,2834
3521,6240
3913,8078
1421,6351
4068,2313
2273,7981
2656,9914
1818,3740
110,746
9036,6192
1186,7027
7960,2906
3116,3198
6327,7773
5309,8208
8573,8995
1889,307
3176,8706
8016,1485
1645,1703
553,5859
2538,4454
1258,8272
9932,8680
1368,5510
9307,3212
3401,4232
55,8316
7156,5600
4097,2860
229,2414
285,4922
8682,9300
6055,7784
8143,8001
4174,5135
2232,1124
58,2507
809,5333
9110,1432
8506,8101
9380,7406
8581,814
4318,5118
1616,4144
8884,962
7599,3442
3907,1908
9511,9295
1842,619
7095,956
5595,9431
5501,8278
2626,613
9806,3790
5403,4369
3625,9331
435,5875
6574,9768
4552,4091
7633,7687
5122,5435
2377,7165
4888,9564
6604,8030
804,8095
6521,9456
8502,7241
1891,4413
7829,4700
8349,816
9362,5167
9844,8485
5669,3613
8374,5163
8427,4334
8594,636
700,9144
332,5900
5679,920
4491,9123
1939,7127
9965,7833
5669,8308
477,8298
1378,1630
9884,7084
9480,3806
5008,418
4462,9079
575,8428
4769,5134
9223,9189
2334,451
8937,3487
7274,1664
6029,970
8128,8330
8054,7430
8554,7012
2494,6814
2337,295
3580,8231
7361,570
7742,469
1584,6880
9052,8791
6184,344
4653,9686
9195,999
3503,5443
4256,7797
9313,354
1925,3651
7212,9876
107,3427
3103,1343
8618,7933
7506,2825
2813,2913
5148,1877
4472,7553
7264,9651
1948,1729
4725,3063
6804,6941
6829,2252
7174,6194
9061,9058
9779,7365
6933,8856
9234,5777
3944,6974
9189,2074
8403,1167
3327,8645
1166,2883
8137,5932
7175,7714
695,7275
523,653
862,3406
7334,6320
6055,8310
6939,3470
4756,2333
6013,4515
7821,3389
7647,5539
2612,2542
2046,9242
9218,5549
2995,2644
2985,8113
2774,5716
9284,1532
9978,8616
5515,3609
4509,2100
2817,6707
4210,2572
6507,7905
3971,2162
5514,9687
8625,2179
3782,6142
7531,8391
8955,5194
7327,1119
1179,3730
2757,6879
7372,4782
4269,6945
912,5294
5959,9923
1501,6374
5315,7838
2388,8852
4712,4167
8694,9208
9203,443
9937,1068
5793,6872
3184,5368
6393,7784
6780,7562
7143,7895
4031,4973
7336,7037
1173,2064
8167,9732
6788,21
6657,1646
2123,1211
2386,2308
2801,4457
4184,1886
1179,7936
3241,4612
8141,107
7079,4684
7674,6799
851,5717
3199,9483
8697,6241
3720,2367
6672,4934
3350,2736
4163,8182
9721,1495
922,5340
1235,4698
4669,9593
6591,7306
2181,2241
9167,3261
4109,3545
8540,1633
2475,8438
1721,4783
4262,9027
4017,4085
1430,1753
2377,1783
7353,8903
9579,7256
2386,1563
5880,8221
2911,6188
2807,8795
6758,5442
2946,3918
853,1763
3764,5591
2006,4006
9044,2883
8165,2193
8509,1854
4008,2143
1080,9749
4698,4701
5072,3448
1830,8675
9493,8020
7566,881
8713,6904
6229,6808
3544,671
2916,7825
9372,55
7060,2257
5622,5362
8492,3701
3871,1744
1486,1733
4635,1250
9682,4687
938,6543
932,3503
3970,4635
7154,5813
3770,6399
6708,8642
4971,7985
7364,3867
1479,9001
7136,7499
382,4688
8087,7984
3807,7090
1135,5791
9623,7112
5105,774
62,6349
6126,2628
193,5925
2598,8794
1607,4112
1363,9437
5682,7365
34,1737
4667,3260
2336,1300
7247,5407
7869,3698
6762,6196
2785,6487
8076,221
2765,3720
8376,5189
8404,6995
2956,9966
262,8807
9687,2099
7242,7918
1783,9843
6659,9430
8526,6964
2804,682
2055,8137
9972,9727
4997,1299
9433,972
3104,8494
8241,6194
8288,2057
415,5543
1118,1439
9651,9014
1288,10
7135,6211
2780,3604
8454,9846
6357,7248
1289,1796
3208,9682
3261,3905
7467,1212
3389,8206
5843,904
3708,9637
1218,997
6723,7865
1505,3174
9202,5699
1866,2209
8766,2192
6794,7801
3524,5432
8859,3540
2253,6391
3101,5342
402,1199
4100,5476
2445,5600
531,5233
4112,8000
6601,3641
9420,2065
2350,2377
7360,7128
3367,1876
2319,9475
2968,1973
760,1466
2167,5940
1655,3161
5411,2646
8925,1148
1434,4103
2670,8427
1624,200
1984,7931
5085,8613
3874,3496
5284,4696
3990,7347
924,9884
370,6777
1632,2621
6962,8908
1544,4355
977,7454
7697,7026
6655,1360
8226,6056
1327,1877
7397,1622
2381,1400
3591,9269
8889,1403
5131,995
896,690
1330,132
8,2071
2720,491
5042,8736
5921,5687
4801,1108
7160,8812
2705,6791
7928,7254
3041,8076
7483,6496
2531,7981
9224,8357
8710,6646
4736,6190
2137,1717
5435,5095
7307,6454
8928,820
2578,6014
6279,5082
4417,4944
351,8789
6089,3103
986,8674
1394,2803
463,8425
6752,7673
3085,3172
9399,4239
4789,6651
6609,2371
3143,8545
8568,4123
8699,3527
3445,6816
44,5454
379,4269
878,111
3611,9072
519,206
8307,2464
5951,4292
8722,4476
9079,7408
724,5019
3864,4295
3895,471
3361,1123
8140,3731
9545,7262
961,4129
3328,9408
5622,9537
5792,8592
6370,6555
530,714
907,2101
521,8752
4422,9244
8583,8068
713,5120
127,6864
9680,2108
4851,8259
1495,5397
8269,3821
367,9202
2144,5544
4463,3031
5022,8220
815,4867
4933,8999
2112,8800
7109,2773
1188,1187
4901,2187
1584,9127
1161,1159
5534,5671
7613,9668
5189,2954
6317,2837
697,5122
4723,5481
1972,2839
5543,6473
1162,8431
7957,4120
1158,6749
4826,8858
923,6740
9269,2745
3812,1099
4477,1727
2987,4770
3158,680
3117,8983
2313,8732
6363,901
7481,1561
1402,1076
8345,4863
5947,6559
2250,4338
1002,7755
7582,5069
7501,5335
4761,5654
1912,709
2854,7942
7360,1289
7484,4048
4083,7529
8880,4078
7496,24
2724,5852
5485,684
1645,324
6563,5187
7410,8055
616,7580
1458,8133
7214,8635
9491,6809
960,2933
63,1264
2991,6654
6468,3634
6828,4106
7536,2011
5222,5820
7183,4362
6906,4322
8820,8492
8117,4793
4017,5233
6686,5147
8224,2181
5074,8157
2735,9489
6626,2560
6728,3071
4551,6957
3363,5196
639,5304
7440,9097
6476,6910
315,6932
481,5454
6632,5814
9830,8499
8782,8482
3084,4170
9130,832
21,2975
783,2194
6434,4189
1836,3925
7779,2472
3050,4107
9382,987
311,6970
6424,2916
4956,820
4283,3736
6087,8856
1678,1773
450,9508
4934,986
6202,4633
1664,4227
905,6243
8985,2477
3253,8355
1411,5538
9860,7008
4498,3463
2021,7825
8072,7319
6207,6041
1674,1529
7542,6458
8901,2774
3847,8805
3112,2444
241,4367
7346,2115
315,4846
3925,8689
2456,6598
3185,8588
4883,6983
1778,9838
8243,2225
5893,1921
2640,6885
1607,3461
9839,778
2090,2273
4283,7957
4541,7473
6292,420
9127,3690
8285,8037
3825,5126
693,4919
2966,7783
3261,9821
7856,4966
3542,5706
8412,3509
2265,6920
6612,9697
3405,8253
6145,361
4068,3480
204,9965
6716,9849
4045,5657
7867,4366
8137,3771
2579,903
3693,239
1451,4884
9848,5259
8218,3803
3648,5538
9696,165
143,2333
7294,2202
5239,7765
7047,2693
3906,9714
1397,7401
3201,7485
5953,2899
7549,729
317,3947
7569,3622
5277,8340
6298,1341
3481,4436
9797,3741
5990,785
763,7565
3939,7497
6622,4521
2198,9645
7494,6227
496,7216
1661,357
3370,9582
666,2945
9797,7732
1312,9420
6446,9986
3858,9432
5357,3274
53,5670
4435,6483
1085,4115
2232,9851
9507,2731
6602,1041
6421,7558
1413,635
416,2318
6328,4344
1728,9684
5127,3944
3575,8485
8709,5813
8809,498
6031,3569
5420,9703
1580,9414
6077,7970
6770,3273
1013,5859
3833,8656
1822,9803
7530,5678
3514,9607
4160,4971
6184,8312
8295,7702
4216,4735
4849,5305
9975,2627
5363,2631
2450,3675
1053,9014
4114,3243
9849,8147
1643,4654
7351,5088
2701,6371
8433,8615
1428,8362
7677,409
3452,7429
5141,8381
6356,9044
753,6963
4,6927
9352,319
5828,7888
2668,4187
9579,3285
2053,170
3625,5774
3566,194
2670,2414
7629,6998
4838,4579
6777,7187
2678,1077
7281,7777
9568,7748
95,6917
1007,3853
1555,9318
6159,3810
4893,2455
4882,6417
2526,9737
8699,8287
5496,3319
4728,4118
907,3667
7392,1072
1217,1790
7554,1554
8918,7705
6661,2632
1345,4266
9352,4145
296,518
4066,1123
5059,489
6904,6993
9772,2509
4957,294
8444,1743
9263,3675
695,5884
9805,6604
1716,6618
3507,5550
7849,276
3591,6575
4965,7552
1655,3136
6369,86
1338,2765
5161,3684
3192,1819
8918,6362
7931,2905
9471,8227
1509,6255
698,4543
4639,4054
6910,1192
9704,3627
3767,6666
3368,4545
7531,353
2460,1345
3542,2066
4260,268
640,3881
7561,4975
8534,8137
6023,2971
6142,920
8984,244
6229,5918
8951,6197
4206,1247
6406,6771
1857,7817
2491,6760
8177,4142
7090,2388
5479,7904
1160,486
6863,4932
6056,320
3410,7398
4063,1263
200,4585
8643,892
1343,8449
3024,1978
3454,3572
9265,9649
5765,1223
6555,8187
1173,6859
1499,3693
9810,4402
713,5405
2298,437
5055,5094
6399,7389
3409,1594
4757,21
7489,9031
2330,4611
7995,6875
1901,7518
4702,2490
3314,5629
9777,8749
5377,5295
54,3665
8657,1678
9328,7873
8026,285
7972,2885
9319,8106
1921,6408
9139,9934
3516,8606
9016,5102
1522,5655
4680,3457
8997,9295
8280,4671
8793,6431
3177,7217
7482,7795
6392,1265
2339,7444
6297,1188
8145,6752
6849,2943
9445,8940
8878,2516
2701,435
2286,8625
9079,6601
9700,1043
8673,61
7632,5815
1757,8745
8902,6788
2545,5470
6633,7847
3251,6676
4874,635
1520,7834
5782,5135
214,986
4115,9121
7942,7285
8068,840
4871,8856
6706,1508
6709,8703
2264,3381
6282,1918
6691,635
6856,3621
5876,1280
6781,6122
3970,8832
8319,406
1628,9482
9122,3296
1874,1131
370,8060
3523,4250
9213,5286
8529,221
9931,930
2953,4871
6019,163
7569,6520
3338,9105
18,8084
5187,2351
5788,3629
7161,198
5713,2924
392,5691
7165,473
9772,3130
6393,875
6882,301
151,1470
3009,7356
976,4302
5009,6558
2509,6270
9365,1066
341,2069
4152,9414
5189,9155
4760,7198
4364,19
171,1553
9369,8272
1444,7839
2893,8354
9552,1269
972,8422
4701,8278
7863,1780
1178,7314
8385,423
8120,8984
8520,8550
5715,1319
3843,394
4470,4546
9803,6610
8073,5454
6241,7831
5025,4950
1876,5169
7083,6644
9233,8979
1080,4091
1558,4102
4843,6589
1195,1258
3659,3895
4981,7014
195,893
8597,2493
6435,6079
4449,665
7375,4907
4524,4144
9304,1968
6171,8017
7132,5577
7804,1165
1209,1398
8859,787
8550,7376
2188,923
1486,2042
8251,6405
6647,1187
4369,3867
8903,7094
1209,6781
2044,2484
7046,24
1650,8475
3602,8813
6934,3754
2893,6477
7099,4585
9570,1844
946,7446
2163,6783
4686,4049
452,5413
9968,6885
2293,2321
6979,7966
546,2674
4540,268
8930,2365
4736,8162
2424,9849
8935,6822
8171,556
3805,2888
953,6240
7106,7273
9847,8260
7394,5860
8482,8799
9161,4975
2501,6960
1559,450
5454,2489
4922,4806
8731,8289
9568,84
437,5636
867,8156
7223,3273
4482,4393
9862,5264
6257,7645
127,8788
7527,764
8395,502
6104,9260
9847,2958
5272,8974
977,4776
9562,7388
5283,5632
2895,9897
9784,2141
3792,1074
6710,7402
9228,2521
453,3358
859,1914
6715,427
8302,9616
8983,6523
3912,4269
5650,5405
5618,3097
9359,1511
8868,3193
119,358
1956,4374
5722,5434
2378,6592
5692,2980
4804,5202
1498,5282
2537,5477
765,1925
520,9835
3156,3530
7977,9049
7459,1831
5516,9776
5422,8823
8427,6855
2277,2221
434,9356
5190,6009
1533,8993
2815,8370
2389,631
8829,3174
7853,1886
9361,51
7050,1883
832,5274
798,5856
6584,8468
6950,9194
9284,1153
8626,390
7007,6213
7911,2022
3326,9644
123,9769
2797,1405
5024,8213
5953,7795
8314,7326
2418,8336
4312,3523
3310,203
1306,5802
1212,8912
1714,9502
4759,9206
6049,8287
234,2750
8006,3651
6308,6364
4740,213
141,4797
1,6385
4266,9403
8255,3147
720,5290
2742,4778
5234,3135
3548,5145
3892,4401
7031,635
5057,4094
2142,1561
1973,2060
2936,2652
3361,7171
3019,6174
6241,5755
3184,3116
8304,9340
685,6685
9003,964
2524,5356
3576,1414
8283,3515
9392,8374
6843,3264
1341,5943
2186,1586
692,2992
6061,9755
8017,2015
9779,6503
5518,8437
9650,2163
7080,3983
707,6300
1255,4701
1381,385
1248,5326
3802,7696
6333,8338
3474,4682
7867,7770
3725,5053
5652,9919
3306,2866
8561,396
4069,6063
2873,9304
6525,5582
6427,2748
4522,1136
7957,5855
8060,7764
2829,9527
214,643
6285,1279
7118,7326
5080,9843
7229,7543
8620,5308
9247,7675
7661,25
6275,4403
5064,6322
7947,4119
7493,4604
2408,6499
9406,9187
3089,9574
5022,5142
5491,9852
3777,1847
9855,1196
5649,1923
8661,9355
9886,9144
2229,9949
1944,2123
5230,7008
3924,3720
137,2268
849,5665
6680,5030
569,5772
2622,733
7016,855
5627,4175
8348,6647
3000,6656
6195,5860
2680,2176
4653,2900
1566,8120
902,304
5050,4726
308,452
1162,9289
7500,3671
7192,5722
5405,2951
7887,2620
8336,2671
9984,4779
1599,2735
492,462
5385,9663
8338,5238
9019,3827
4792,1357
812,5870
5110,110
5141,8077
1903,5988
5464,3796
8364,1230
6947,4451
9548,114
2098,8
8696,2259
6136,6295
5801,669
7408,8109
2422,1156
7121,7529
4312,6928
8909,3584
6116,8201
9086,7486
5184,8408
4367,9908
2450,7035
6634,115
8829,4596
2133,6159
7088,9938
9550,3075
1758,7471
1006,8687
1784,7750
4641,8527
1294,6315
9019,6205
4072,6596
3894,10
2962,4173
3801,8479
9653,3226
4600,4960
5427,9901
9474,591
787,8643
7569,7837
3183,9477
7489,3769
264,9802
7134,3081
7999,1160
2954,6455
3835,1397
8062,9591
4901,3952
4768,7147
8838,4748
2372,7959
6171,8338
5538,355
5818,9519
3432,1155
9957,4389
8408,7521
4100,5409
9363,239
6444,6211
8285,2851
8527,7861
3453,7883
7531,1494
3309,3888
1904,7489
8987,7857
3919,6410
710,9265
9584,8351
5769,4444
5396,6112
6356,4108
877,2931
6932,2869
7695,6416
8010,3751
5459,682
8583,3037
5173,6147
7908,2754
2154,6682
5892,800
2955,3802
613,3638
898,922
6431,8191
4148,3901
3512,86
6592,6674
8388,7270
4609,2285
8732,7602
7057,2596
1755,7399
3899,2985
8978,6397
7231,6039
3076,9937
5400,8595
429,5072
5165,5113
8074,1794
285,4013
1174,7791
73,8261
3093,8488
6906,1446
136,3327
4503,8088
506,8943
1033,1847
1230,6182
3359,5586
6708,4397
2384,362
5680,7457
460,4304
2822,450
4675,2120
9809,5158
5728,5684
5295,8107
6919,5036
5413,63
1393,1710
7501,7030
1084,545
1732,3867
9722,3478
9321,8801
680,2487
9916,2277
3531,9699
9971,5866
3283,309
4427,1138
3983,1140
9489,8861
9046,6683
2111,8989
9029,3665
1347,2264
7909,2604
2999,8937
6796,6517
2662,2931
554,9672
6973,5826
4104,2824
4597,785
3737,5244
2933,5208
4822,7259
3306,6718
3901,2700
7712,7121
1695,3138
1120,3780
4635,6048
5846,8120
1041,8017
3686,8708
7078,9782
9332,6140
9903,1203
9852,8848
8737,7184
8248,6208
5638,1407
864,4591
3240,155
7442,7307
677,9174
7050,4880
7843,6616
8374,1607
8843,2950
7051,1653
3226,6113
8446,5222
3925,1198
6920,7558
1205,3663
6065,3888
1667,4525
6387,5583
8958,5776
7632,2647
4416,7852
3023,2609
433,9840
9720,6106
1563,2367
2850,6035
1780,6989
6136,4777
5842,3562
9239,4493
6662,5720
1960,491
6419,1426
1611,3368
953,5761
6461,4008
1310,5845
9584,950
7427,3439
945,4492
1898,6578
2575,6165
2774,9072
5157,9121
5855,344
5249,7303
7309,8462
3218,8964
6993,7952
5264,7252
5330,9480
6759,8130
4995,3000
1233,7760
7114,3878
7218,7156
2774,8117
6306,7459
7057,5429
8164,9814
5080,469
575,4820
2613,3954
265,6312
6531,9660
9998,8752
733,4985
6514,8109
5699,4494
3055,7569
3357,688
790,2683
4504,7406
6211,7820
6217,3599
4646,9191
6065,7450
5425,2034
6428,9213
9039,7094
6393,2249
4737,1746
9896,3183
859,8156
4104,6430
4312,6013
3864,6545
6436,5858
6449,3247
640,2659
2510,1337
2080,8719
395,994
8712,4631
9813,8349
7999,206
4638,7895
3574,9097
4655,8449
2696,2960
8292,9178
1997,8172
3487,4573
792,1408
8598,3794
9223,3510
3283,8673
5847,4701
126,4700
7828,4642
5963,6299
3147,4383
2343,4046
5474,4924
6352,2063
5447,115
8589,4467
8505,6750
1492,9362
4976,7100
9418,1073
189,882
1826,4127
9199,859
6307,4193
6983,2117
9228,1333
9835,6947
3752,963
8571,5106
592,4131
6344,8166
5234,2065
6122,8794
5080,6480
5104,8886
9474,1734
442,2554
507,7086
2369,3639
352,8687
1597,396
2281,9290
8220,6085
2780,7630
2981,7863
5408,8196
2934,267
5806,6875
9931,9839
1188,8587
6363,3713
9701,5312
1519,3564
2658,606
6387,2014
501,550
958,8343
2032,7089
4426,6541
4021,6773
6238,9119
7247,578
3515,9482
4750,946
8336,9549
636,5517
9808,9446
9626,6390
1534,5919
7866,3946
7325,4589
3512,8436
315,6077
3458,5251
6924,9255
3462,9283
9691,4928
7429,1520
5491,8157
390,3878
3480,5587
3585,305
9302,1354
4275,2140
3249,4402
7149,4235
1766,4989
619,3203
1523,3862
8631,6698
7439,4457
8786,923
9669,5475
8549,4906
8879,667
9154,2467
4695,3632
4279,6188
4821,804
3715,5472
2520,7440
7793,6269
5351,9188
9651,1963
2691,3780
2538,2645
6490,5623
8152,453
9758,8004
6396,2579
3171,4311
1882,2961
284,4564
2511,6673
8484,2252
3287,7329
7684,5124
8937,3198
984,6552
7929,1274
2871,2872
3472,6981
8516,8163
6873,5213
5835,2985
6608,5346
9094,7598
8597,2432
3865,6962
9598,1709
2432,5311
8202,2248
3745,1227
6263,1163
4171,2278
8810,7377
4727,3397
4959,8443
502,4101
4746,6748
1187,9838
63,9563
6824,3506
781,4801
5723,7109
6837,5419
5609,8411
8803,8218
8572,5432
8530,6122
2597,2139
283,4598
3976,7413
383,2904
8832,5712
1294,6196
4334,3564
5554,8681
7228,6598
8700,7659
546,5241
4008,2922
7078,1154
9523,9205
940,6070
3152,3308
504,8880
97,8959
925,4257
8916,780
5290,2450
9786,6649
1303,6188
4121,2319
5306,7653
3223,5033
4903,4029
8951,3807
8578,2062
8321,5595
2636,9855
1958,3268
2003,4250
2524,5816
6428,6068
7920,3316
2927,1999
9489,3017
8559,586
7950,546
6389,9109
9613,5013
7347,9364
8402,7513
8518,7297
8066,8036
7831,1273
287,1039
1688,6929
1695,5351
1462,6442
5341,5204
6116,4519
9485,6743
4667,7641
3396,15
4151,2611
4259,3147
5185,3670
112,2016
2673,5643
4521,9675
1403,6360
7291,421
322,6809
1638,3680
5679,8091
6422,1351
5971,5988
6342,48
3001,9149
4119,2849
684,1466
3292,7258
5126,6309
6238,2253
9077,6976
9592,432
4709,7928
2689,2343
2488,5286
3591,5121
8482,476
6756,6026
5805,7433
2195,1183
6091,1322
7113,4795
7187,6887
2891,7463
2844,9206
9971,4844
7268,5317
5810,36
2223,60
2117,581
9387,6439
3963,3627
3628,5369
5416,2880
1735,3170
660,2852
2626,7015
7023,3757
5514,2187
792,2565
2147,5939
1845,1545
184,1298
8345,3867
3837,1489
7447,9851
3416,2322
4986,7623
9117,7204
6983,216
5177,3338
1647,1147
1126,9217
5298,1617
956,4755
7401,5734
4335,9344
5506,335
5663,1107
7361,6322
9751,7361
5170,4491
8271,5574
6489,1655
8251,5620
6494,7587
2068,1762
1553,3490
3880,5059
8574,4944
379,4357
9477,6645
2030,6434
6378,1333
6573,1122
1660,6138
966,5312
9313,1404
6137,8394
4718,7756
1135,5294
1713,9826
8871,7923
707,8262
9587,2043
544,4322
7617,2190
4402,2910
7999,7886
2007,6142
3795,3612
9400,8335
5373,6133
4735,4571
1931,1892
9988,3997
838,1778
5886,4891
8600,6924
5552,8532
5854,9302
6455,2943
429,1600
5286,4422
330,4264
5324,9379
183,1614
8512,2926
5579,8685
9573,9534
2818,6896
9766,7236
1150,4683
981,617
6380,7688
513,6754
9603,2426
3907,2227
169,6262
2274,4806
136,1474
5132,2916
1674,8995
9297,4586
2614,8739
3494,5384
3042,623
838,604
355,5521
2694,3156
7182,1046
6895,268
6438,5368
9278,6852
730,6344
7738,1658
4020,644
2066,3587
6642,8715
589,4424
6614,9312
6382,4413
2553,1188
4773,2010
1622,8362
7880,7465
5289,9282
28,4586
2065,1183
51,7949
6144,5666
4456,4954
1441,7979
1534,9560
6088,3715
6903,9462
1808,5660
6249,3384
409,9865
5316,3522
4489,7458
1755,1512
792,7997
6908,9989
9538,3512
9194,6504
6646,229
6857,1299
3757,8477
4355,6753
333,6645
4217,7272
4161,1511
9324,2616
1139,7758
3570,5004
8886,4863
6050,3779
1357,7534
5586,4485
4614,6455
679,8632
9991,3494
7236,5127
5732,1683
3491,1958
4775,5959
7629,4043
1552,7132
5979,1191
4052,2353
9927,876
3140,7007
9184,9365
6684,3357
7518,3425
4037,2136
505,676
7901,3669
4705,3936
3705,4109
7722,9546
6959,5095
1999,7843
4326,3332
6234,4418
5269,7914
1549,9468
5132,4170
26,851
8310,1627
3013,4097
3204,6345
69,1651
6153,1428
6310,2279
1148,7449
7092,6200
745,3929
1315,5980
6061,2937
7796,528
3817,474
1327,8305
1752,119
5240,4975
9195,7264
8731,8746
2042,850
3956,8029
9068,8043
7285,8915
6256,6648
6828,5760
4095,1698
9084,8244
8066,4883
2237,7852
2912,7104
923,8273
7140,1285
3063,5145
8646,9389
3204,4091
5893,1963
5488,7805
3996,7444
2288,2308
276,8547
4987,3499
6587,150
8071,9276
6060,5490
1888,3834
8599,5567
4292,1059
5978,5262
2506,2838
667,3506
49,3387
4156,1407
515,8726
2255,2708
6338,9250
7467,82
326,6649
5071,9644
1652,1130
1971,4752
2371,5713
1541,3075
2613,5666
8314,8577
6175,1420
5211,4204
9181,2037
5972,4967
1075,2511
8225,5635
264,5391
9743,7525
5589,4113
117,4153
2793,484
5020,8868
4438,1807
3699,3616
3728,7940
7212,5506
214,3741
4111,576
7410,1145
2703,746
5473,992
986,8659
9603,8980
9991,7536
478,6728
3406,3884
7303,4811
1192,3655
8980,7407
5670,5883
7109,7763
5072,8856
1392,2460
435,856
3330,8110
2888,9022
6107,8824
90,8326
5559,9808
5855,3428
6108,1467
4824,2024
6259,9628
2210,3700
2470,6545
3485,1844
9313,9408
9971,4405
8242,184
6823,9177
7068,5553
5175,5773
4482,634
5577,1922
4096,3938
86,3438
3077,9046
8313,6172
9147,7605
1081,7017
9684,6709
6145,4889
6038,3119
6947,80
1225,4045
7986,7448
3311,885
9914,2703
7791,5538
9131,8318
696,682
8698,4158
2557,6911
1791,8559
657,5777
8290,170
1900,1964
2435,8346
7886,2019
637,1923
1635,5205
7780,4356
8121,245
7150,5334
5942,1176
997,9660
9997,3958
7698,4393
9000,3367
1418,870
2372,9761
8119,9830
4653,8004
3808,455
8453,3720
4959,6616
642,329
7503,3742
5580,3124
6709,4694
3692,405
1772,9820
2656,8836
3688,5035
1022,8173
5092,6174
6575,8840
5870,9639
1,3801
6822,1890
1999,7455
1301,8615
745,3065
4496,724
7165,2638
5334,3932
3120,5957
6749,6482
6904,6916
366,4916
8453,4781
2974,1133
7369,5269
7875,3040
9700,3938
2948,9209
4993,147
5509,9494
2058,7681
2149,7129
4466,4794
5427,105
5510,2173
6594,7090
9374,9256
2207,8204
7559,9742
2375,4895
9760,1278
5362,1436
8225,1994
326,8890
3909,7638
2277,6275
479,7426
2775,3146
7230,380
5977,5469
7380,2940
2212,7472
5985,6446
6453,1872
595,3935
1267,929
4738,4057
8811,7829
6645,4690
3140,216
5874,9800
4498,9906
2312,2408
3150,4869
1390,8722
646,2577
8596,7492
9311,124
5780,9782
359,3922
7518,2846
1358,9179
1020,1974
973,8403
8735,2766
4495,8230
5502,8813
9087,3618
2865,8694
5897,181
6672,9585
2251,6037
6635,3274
7079,4090
1931,3985
1179,2343
4462,6907
4498,4553
2073,7597
7468,3799
9752,373
2083,2013
632,9963
6257,8833
2456,1281
6442,1977
1027,416
1080,7841
6563,7424
9758,481
8499,1457
2781,7713
2552,2838
2616,4531
408,8205
6455,2902
7514,2688
2444,5045
290,2055
8851,1578
6437,3816
5770,9492
9405,8581
7589,6564
7337,5419
7963,7768
5321,4786
6130,5379
7420,8560
870,3032
301,7540
2197,6630
8699,7209
4038,7196
6737,5523
4200,4374
7125,5973
4824,6863
8018,3171
6609,1029
6203,1480
6937,7520
702,4317
5132,5509
5923,9607
5832,839
9161,794
3364,2997
9305,6716
7269,1938
9819,4952
3001,1664
9048,2008
4313,7628
4246,7938
1384,3667
4016,995
4959,2680
9149,4108
591,6851
3944,9537
823,9915
7574,7936
6574,5889
7173,6999
9277,1758
1186,8698
4801,9090
5439,5174
5841,3706
8691,7415
8091,9998
3995,3602
7039,2785
1257,175
2604,4615
1695,6250
3340,8222
4078,9315
7335,9185
9240,7569
9638,289
8180,4895
8325,6205
872,7388
156,1108
9746,226
3015,3009
6435,9890
7132,1889
959,3166
467,5268
780,8814
70,7885
8516,5561
7691,2285
8790,8230
4246,6444
7174,846
8645,3259
7567,1412
2365,6360
408,6283
4233,633
8336,8573
235,1642
93,1115
6358,7716
7475,9976
2170,2057
4521,6076
1205,3286
6959,9350
6627,4429
3517,9793
2956,5325
9517,8513
2288,4068
9977,8445
6349,7613
1738,606
6192,3290
3932,4304
3762,7510
4298,388
1018,6689
1822,2996
3487,5508
6442,1297
3479,4305
6103,5589
7851,9895
724,8222
4058,100
2506,3312
2008,9200
307,1138
5975,6504
5029,8100
3894,6903
8922,8215
4470,8871
3077,440
9301,2244
6360,2217
2263,8806
7263,1257
4400,3749
5159,7790
4664,9172
6307,2991
3748,7775
4934,4282
3917,6362
2294,8548
8936,8980
2284,6986
7342,2794
1769,6604
1618,6785
8034,148
6153,4940
4072,219
4708,1364
9121,2089
3277,9801
1932,3414
7734,3115
1472,8247
8570,9575
8375,4076
6046,4778
9066,4333
5106,6464
4975,7320
5084,7456
6496,8014
4831,9255
1698,6980
4235,4315
5061,5660
1456,3334
4442,7350
2769,5086
5939,9513
6538,7217
5322,4546
2571,6988
4724,7428
8914,8936
1721,5225
7038,166
7624,1950
1032,9692
7337,9413
2342,1562
2603,5943
7119,5616
5322,7800
4744,1080
5882,6217
6827,2330
4435,6051
9437,2946
283,5376
5178,1891
1093,94
5615,7236
7229,2358
5750,248
2541,7644
4817,3567
8625,1127
8473,2475
5737,5254
727,4476
7502,1875
5252,7673
8292,8873
6217,3257
4722,4664
1236,5071
593,6489
7686,6814
5223,2992
7035,8935
592,2895
4581,4574
4774,6269
3903,3423
9085,5796
7822,8282
3676,9385
1355,7492
3096,4433
3611,3841
6378,8531
5359,5247
5947,307
959,6791
2606,3808
9866,6429
556,8547
7962,2737
4502,173
1013,5857
6578,6516
498,3912
2288,9767
6504,5369
342,6245
4357,6798
1012,3472
3675,4302
9168,2121
5460,8259
1126,5721
6572,2662
1502,8817
683,8880
4416,5398
8969,3065
8271,5327
2998,3414
566,2000
6001,7606
2162,1642
8139,2574
8103,7355
2468,7767
9110,92
5535,6935
7126,2849
8912,4752
7024,4631
6359,4556
996,2164
7022,6875
691,176
9217,7985
4261,1079
1692,7364
5115,2211
5004,2668
7862,2861
8061,9982
7640,4547
5414,883
8598,217
6862,7067
9121,6514
6088,153
1591,5065
9997,9884
8592,7662
6790,865
4028,5100
3451,1424
8871,1551
8345,7953
8865,7722
1269,2424
8119,799
707,9566
7096,3062
1764,4598
3302,1770
1918,3671
5048,5146
7556,5396
9198,5913
3364,5878
3768,1524
4871,3735
8416,4713
3772,5609
329,1886
4580,7330
2226,3264
1518,8549
3735,9286
1636,1823
6146,3199
5570,4710
3618,3369
3893,8919
1732,9081
3422,4468
1838,724
2088,7300
3333,2355
9491,6350
8878,2089
151,1426
349,5357
5107,6874
6118,5426
2603,7780
4309,4734
1854,565
2422,771
3827,8882
636,4406
5327,8575
5579,5761
2297,6864
5132,1724
899,6496
3899,994
2400,2544
6942,9850
4707,9898
2610,4869
9094,6809
5499,5055
8081,4944
4562,4854
467,1832
8294,2648
6634,5345
8637,7406
9177,405
1817,4032
7726,3206
9986,615
1326,9066
5764,5795
1682,2720
2693,8435
7292,5702
3139,6903
2424,2994
4236,9522
5083,7345
7093,8598
6139,680
6459,3916
1569,2240
7314,5936
4427,3590
7622,9957
8199,9141
4720,7315
3446,173
2246,1501
2111,4398
1521,5571
8032,8013
489,4418
4718,1150
7960,8132
5487,3128
7468,8631
7582,1090
6532,8249
830,4846
1399,4358
7275,1601
5998,666
965,5222
8628,7676
2158,3520
6160,6924
9241,8234
7067,5474
7907,8515
2174,9885
4583,2451
8018,9891
5089,6398
1189,8821
3333,1487
9088,6386
3372,6556
6559,4611
8042,2760
4317,9369
4861,6608
9166,88
5540,5281
7545,8910
2197,2721
9670,9846
3823,2160
2324,9310
4372,4317
3405,2097
1587,7503
5206,5414
7001,2078
5037,7714
4239,7946
9233,6703
4896,7608
4521,1249
3647,7785
3225,3775
3894,8899
3393,7484
2083,8780
4018,2829
8988,2432
5755,7994
9843,3744
9024,9861
4773,8850
4220,92
8833,8612
9556,9357
8981,9724
8439,1276
8772,4748
5364,9276
7441,5592
572,1121
3041,3564
863,3824
863,8833
2176,8952
7775,3239
562,4308
7641,7770
8775,7199
7629,1001
4184,4289
9038,4815
2843,7751
3387,321
8235,5696
4464,3395
9295,1277
2685,5888
4998,1799
2668,3630
3654,2371
9174,8184
3772,1045
6612,6148
7587,4877
7417,9772
9292,4637
3724,7879
4835,3778
5724,3288
5537,6190
7542,3877
8407,8227
2056,4148
5990,7574
2858,1584
5072,5806
8076,5793
3631,5949
6662,7251
7687,8994
719,1712
5614,997
7560,5657
8736,5298
6181,6621
8630,8471
6408,87
7269,6640
7112,2801
1535,9058
6149,851
4859,965
4373,7244
6924,8742
4358,9227
9729,7897
7115,9995
9707,2267
3199,8719
4839,2013
8847,5898
8896,6410
8704,8540
1379,1752
4859,8462
6641,88
7266,3420
1749,1547
3893,9487
4595,6899
7852,6128
2184,9956
2236,2651
9730,739
6221,8450
1363,3813
4655,685
900,3526
9009,2653
5974,4853
8341,8285
1729,9360
3070,7792
8743,4409
635,6882
5429,6923
1880,1227
6706,6496
3061,6930
2057,6767
3844,7866
808,8375
3951,7112
8489,2899
2195,7240
2712,3963
1878,2310
7219,847
2425,3098
7867,1208
8853,3943
1876,108
5965,130
1684,8712
957,4511
9801,4919
4259,3490
9643,2113
806,878
950,6342
5332,6555
1917,3266
374,7520
7934,2437
1186,6218
741,1521
9537,8143
6588,6698
1408,9378
9660,9681
4796,7309
3071,4778
439,2985
8200,2939
7294,2098
4959,4180
3855,3402
2560,5502
1635,7232
1813,1017
2019,686
7795,2223
4533,4926
6856,6499
7983,7371
6067,2652
6977,3219
8771,9527
9881,6378
4529,9603
8962,4514
6535,8987
9213,8860
6030,3621
2155,348
3564,9919
4687,3024
7548,5528
6688,4467
1947,699
8120,9781
6426,9967
6596,2612
15,745
2528,265
7333,9512
9789,9149
5062,4671
8219,605
6641,79
6027,2848
386,3438
7315,2163
6767,8088
5994,446
5894,1590
4348,3878
4765,6179
5177,7715
1152,7776
4870,7813
7241,1901
9632,4502
6842,1367
1433,2886
9212,293
8521,3963
3372,3738
256,9710
6977,8419
8320,2548
5341,8453
108,1762
554,4656
2154,5977
7905,1451
5627,6659
6637,8564
7135,1425
2344,3810
6826,3727
7852,9574
8921,8907
7102,2229
1274,955
6645,9449
6691,8515
6607,919
5540,8819
9590,3336
8608,2680
8228,5652
2383,9691
8561,4905
4194,382
4142,3788
1805,9584
4217,7087
9650,8424
6002,8582
4979,5183
8736,4303
6854,4004
2934,6096
4943,3058
6826,1332
1578,9727
3747,527
3323,3545
2397,211
6479,7725
7256,4186
7317,2617
2745,3609
817,4836
1889,4446
8984,1150
5724,3401
3111,8486
2040,9026
3616,4798
852,5516
3473,7293
5864,8274
3584,8078
9895,8060
8812,6188
7805,9981
63,1319
8960,3949
7240,6027
3049,4200
8314,1077
7975,4729
3292,2006
4528,3408
226,7692
6281,1181
6091,3792
1490,5087
5283,8549
3918,3006
8960,7658
3382,7451
8365,7732
7751,8581
9079,4367
1429,7587
1105,4741
6750,1919
1923,6783
9717,213
1548,4151
4036,747
2696,1915
9615,5680
9475,7837
1416,6534
4807,3344
3474,341
7645,116
6540,7826
7800,4137
8758,8769
2346,7927
6430,4749
1795,884
9167,7811
4227,8698
488,4722
7959,1761
6164,1745
260,7491
9178,1447
9324,8792
4435,9635
2155,8913
9980,2561
8610,1181
1981,3128
7350,4837
4927,3377
2247,2249
8674,6864
1919,5012
8608,8287
5134,1199
1424,2850
9078,1005
1398,2132
8419,9622
7851,9486
1004,8608
8640,8003
5135,9546
6965,1599
933,9434
1906,7882
2703,7063
3923,8292
195,4369
5017,3704
5749,5954
5009,8092
6620,4526
4661,4172
1663,4308
1520,4363
6926,3290
4666,4577
291,3261
1741,6381
6880,5364
4534,5141
9096,8758
1485,130
8406,7447
13,488
351,9408
7810,9060
9068,9238
2921,5447
5716,4502
6346,7456
1916,9089
7545,8899
5888,5849
7014,6998
3052,7525
7460,1595
6871,1643
9502,7912
8020,5231
3959,6065
6295,2406
8367,320
5165,5903
4399,1630
9982,3889
9963,7089
2470,969
1133,9184
3995,5061
592,8141
9310,4549
39,7559
6095,4197
6607,8864
8198,6285
996,1451
8769,4365
4300,4347
1371,5515
3410,4458
3723,5655
764,4453
5657,9219
925,8590
5317,3783
7687,524
5384,8929
5542,1456
3264,6492
6012,5108
6742,6282
8750,1394
6757,1781
2878,8064
7804,3732
7719,310
3224,4175
3234,8622
8102,6044
1988,9844
8903,7562
4318,5436
4432,7565
7418,1116
1304,697
3645,1607
1689,9732
6699,542
942,3144
5131,1843
9852,9049
8370,7863
413,3135
7889,6553
165,2159
9735,7646
7854,2590
9414,2881
4640,8289
666,212
5674,3241
1120,3590
4591,8877
8433,3300
5335,6499
488,8110
7574,9906
4023,2155
2754,5556
9738,2168
1768,5066
2275,6604
3676,4151
2900,9790
3688,7763
1019,9362
4868,2335
976,2127
8139,4570
7055,597
1689,8752
5906,9168
8964,5276
6997,6793
730,9843
1473,3024
6984,4154
7838,9052
4533,3169
1666,585
4153,1920
8711,3390
5319,3887
2755,7038
1521,9383
466,3695
7345,9830
3601,7008
8131,5512
3774,5308
8190,676
5056,2774
860,571
3720,9500
2440,2612
8408,3238
5527,6831
3561,1050
6408,6991
360,2477
3739,7753
4050,8985
5559,1500
5094,9637
8915,2237
3312,4883
1679,2557
5803,1816
2712,8559
9406,7257
4923,2741
4441,7277
159,7309
8769,8173
271,9416
1974,1391
4423,2508
5998,7669
8401,1226
6018,6911
9877,4204
6334,3701
563,1490
8668,237
6559,7919
2978,5178
4000,9725
505,3659
7234,4985
268,6344
3876,804
6269,4224
1118,5457
1637,95
3615,9755
3128,5845
1728,3625
1484,1024
761,2728
9624,2549
5627,4596
179,2634
9112,7028
6580,7823
8282,8114
8804,659
6830,9481
2333,3479
5420,3864
2588,59
6062,3900
4781,961
5758,789
9807,5934
5033,5569
3874,7095
598,4413
4019,9520
1374,6350
9871,4526
1954,210
9359,3090
6685,357
4910,6152
2751,1203
1039,7569
8460,4184
759,5303
5540,9069
8378,805
3657,3421
4752,9702
865,3191
6640,6014
1645,1085
4254,7556
670,5585
1469,6675
7870,4343
27,8677
3009,5255
166,2387
2639,920
5869,8070
8574,1501
1110,892
3261,2952
8932,9231
9082,2125
292,7498
3810,7304
3829,1445
7634,8225
3204,2705
9213,5620
7635,2995
7757,7175
682,2971
5243,139
9471,2138
9226,2369
4777,116
2759,7295
1541,4463
4677,6099
5099,7035
1437,3881
1160,600
6750,2235
4457,5643
5141,1618
9523,4492
2235,6420
9535,9373
466,8903
4719,6399
1488,9379
1384,4589
5511,9098
5010,2212
7917,5646
3630,4031
9434,7507
2276,5997
423,6838
5214,3422
5712,2595
1345,3707
2336,674
712,5765
9887,9699
3128,6853
1665,9648
3756,8723
8680,3195
3806,2997
6636,1903
8446,2765
1748,301
4046,2034
4199,6894
6084,7638
2694,140
3405,2552
8844,3177
7318,9244
6221,2744
8063,1169
2687,4581
479,6161
6052,808
7873,1185
5344,7649
312,6560
6918,6823
7333,6468
7858,108
3379,2990
2187,5970
5196,3567
9267,5708
9730,7087
88,3504
9843,3540
8346,7854
4993,2479
8008,568
4573,8106
5339,479
6510,3121
1320,6689
5196,3771
9071,5766
8958,4060
3641,7432
3753,3235
7655,8077
7119,6884
1862,1104
1106,7447
9808,4575
7509,9384
9952,9588
3588,6709
5485,622
2357,8843
4553,4634
6981,6405
3758,511
9004,1609
301,7984
2676,1188
7566,1893
3675,849
2280,4335
6892,8044
2671,7425
5221,7471
3662,9251
1600,2431
3351,6040
6417,1780
7206,8158
2373,8388
4785,7223
6769,2725
8411,9523
7376,8348
7481,9028
6027,1577
7154,416
3812,763
2255,6828
3923,1408
5517,1992
2306,7737
9806,8484
3292,1524
9561,8690
8321,4677
8696,7788
4231,4061
9248,8928
7156,9333
5897,4567
7525,7881
6315,8376
595,807
1626,5357
3482,3624
7163,5214
6074,3152
7379,4782
1384,4096
6702,563
3405,6328
1568,2331
8514,6808
7198,4994
494,6826
5044,201
246,5432
1251,7237
1360,3440
4232,9839
5883,1473
2099,589
1002,4799
2782,986
7803,5498
8202,2679
8648,4971
8222,8201
823,6241
7337,8290
3870,1852
6772,7146
4157,2668
190,7455
825,5649
5210,1754
9028,1565
2743,7374
1374,3618
8346,2314
2075,6871
1551,9560
6350,6276
6551,1947
6369,1540
9830,3452
5992,3853
7984,5316
7068,1650
6643,3938
9970,1048
9205,3417
3024,5270
3722,5200
813,3532
2836,1624
785,8760
7826,7082
8140,2602
3469,6427
385,6760
2473,3202
3656,6702
2012,2048
7654,6524
2232,8158
8231,273
3129,4508
7858,6904
5955,9315
9629,4898
1636,9576
2986,101
2324,697
6496,1619
3651,1138
2417,4374
3813,6918
1910,9891
3819,4165
5525,9482
3441,3562
1943,8473
5292,8562
8654,5655
2802,9589
9255,4666
2751,4185
3867,729
1657,5889
71,4939
7806,6397
28,5332
7252,9598
3085,2187
5155,7968
6781,1190
6739,6568
4926,7471
9502,7541
3523,9775
7665,9999
159,7697
5633,6387
7821,7012
2255,7920
5482,326
1559,8551
6840,3408
4891,152
6339,1422
3444,3307
7435,9664
2177,4408
6839,1842
2287,7417
6210,7395
8971,7867
7195,9973
1775,9618
5273,2666
4442,9745
9061,1650
5365,5588
7582,4732
7243,6925
3206,3010
2745,1370
6823,4192
2771,9490
8100,2204
7638,5726
9276,4546
5966,4283
8546,1738
2325,4102
6369,2209
8983,8786
2005,2977
528,182
4385,9885
8107,9528
6377,2708
4568,2709
5619,934
518,5355
9191,8580
4293,7929
1449,3978
5126,6005
8002,9736
5239,5117
9107,5270
624,1637
7033,6487
2054,2765
7566,6172
4642,2119
3271,5735
2543,1751
5935,1388
7962,3698
3381,6514
8316,2491
6765,6634
5929,239
5401,2290
8388,4348
1830,7870
3477,4302
9286,679
6591,1328
6251,1298
9479,9420
2738,1425
6753,428
6711,2776
8309,2336
1445,2537
2844,9860
6519,4844
7613,2531
4592,3652
2802,4112
7433,9297
1470,5908
5427,9729
9530,3969
742,3498
5424,6852
6602,5660
6632,4018
6191,7327
2563,9009
2277,5151
9057,8781
9159,9778
8971,6982
169,2158
2640,3361
1422,4987
9301,5592
2310,9971
4065,6204
8968,7788
7812,8969
5157,1073
9140,3523
4520,5816
9805,8362
8092,1272
7484,4784
6471,6668
5592,7017
3576,6938
5166,3556
8946,6073
2309,8478
7656,5646
7625,1468
4498,5059
1125,1730
1961,5021
5950,9593
2377,2517
8400,4900
8721,9446
4862,6890
9049,8934
1325,4383
8377,6300
1718,7845
4715,5867
256,9590
5859,815
9689,5206
9833,6755
6956,8352
1653,8051
5611,2011
4908,4854
2080,9753
2588,9329
3374,8776
380,5843
9385,2239
5983,1328
8379,7742
9403,2335
9473,5073
8345,8168
8947,7338
8928,2237
752,2738
7901,8016
9140,2278
9183,5557
5954,4874
9690,8301
879,5082
538,1063
1630,5004
8437,6623
3320,3057
3641,9818
1360,4498
4227,7345
6945,1030
930,7756
1498,9502
6154,5054
260,3182
1587,1305
4056,4874
7181,6339
7428,5858
8156,9066
1597,5238
915,3477
2161,6703
3852,4039
6524,4299
3612,2483
3004,8909
1831,8362
651,2455
4811,8970
9656,5956
7024,6907
9975,8283
1976,9128
9676,8824
1235,4078
4988,6347
8124,6944
3710,937
7454,4957
1455,6293
459,7284
2684,1204
3388,4414
4916,6882
644,4753
5825,7927
9600,1765
6415,2927
2550,9742
536,1809
9093,2057
6401,6271
5344,9234
2558,7877
3611,9541
7148,879
7107,626
6175,3142
9252,1749
893,8508
9755,775
9850,4522
5055,7319
5389,6607
5696,8208
6842,6668
4166,7082
2862,3794
6995,6464
5378,2407
9054,2340
4507,9254
9068,8698
2716,2164
8548,2234
7558,3503
2426,7812
8586,3289
306,2047
2741,609
2599,1081
837,4003
1359,9609
5315,9078
7698,8683
6883,1722
5605,1693
4326,6640
5455,2664
4964,9596
3908,9541
5931,4822
2268,8535
3219,2751
6337,5599
8186,969
4110,654
4615,6520
6967,5484
2885,6794
2835,6305
7568,2194
9289,9354
2255,1854
7252,703
5372,1223
5959,3479
6725,1309
7170,3636
7684,7620
1254,3229
1461,2955
2372,7146
9959,5782
7493,7157
2988,5233
8119,8906
6676,2144
8247,7019
4656,7097
7898,1510
7093,1565
8905,9438
4560,5371
8455,6478
866,6490
6643,3106
7469,1143
4082,8802
5153,8288
861,3461
6841,268
4761,3842
373,5185
1120,3148
4284,7670
4532,1097
8825,5311
2984,304
7322,8982
2684,9812
7192,2123
592,7847
1017,8953
3688,954
3849,8341
7289,5506
2034,2615
8461,1359
2798,3615
6318,8156
5006,4650
3082,287
658,9768
9531,7113
1269,2092
6617,448
9805,5588
9762,8424
3172,9325
5892,1621
2469,4711
5832,9727
6683,3010
7437,3800
4031,6781
8099,4988
8347,232
6793,2735
8314,2681
3327,5671
436,3857
3953,8541
1547,4206
1339,8191
2236,2645
8168,3931
9788,550
9020,5675
7574,9767
6306,3340
8014,2475
823,567
8290,8668
1625,3966
5269,5777
3633,3219
6163,2090
2130,4383
7276,162
8621,2658
4725,2889
1341,8941
168,4607
5804,569
3052,3521
9269,4174
2468,5803
6938,4699
9641,5062
5762,554
4768,1998
3348,7553
1756,9844
7795,335
8980,5122
6466,6638
4288,521
7805,1079
3534,9963
332,8520
769,2995
7522,1736
7601,2457
3529,3576
4429,7693
1326,7933
9500,2276
1918,8147
4073,6723
9631,9480
8301,7452
7183,3948
4725,4490
4610,4079
8343,2890
6119,9709
9291,5797
9390,7512
5704,1503
6536,813
1111,7177
1232,3312
7930,1534
6759,5533
349,8526
8118,1522
9172,7343
1847,8288
598,9911
8869,4507
575,7362
9327,6092
3823,8887
6675,7088
6196,459
1426,3716
3820,4574
2239,5480
2198,4126
8963,9851
4593,5974
9319,9045
1321,1020
5649,1132
4941,3845
9282,4572
7816,4516
3899,177
501,3558
6431,5368
3138,7027
7968,3951
6040,7112
1419,7816
9876,1352
8467,6705
2616,1550
7874,743
5712,9643
4016,8661
1784,3681
9861,1564
2329,5931
3275,631
5530,5276
3583,2326
3574,4759
285,8813
6087,8756
5790,5891
2977,6687
4255,1604
7766,9711
1538,6071
9346,8883
5391,1335
1269,3559
7341,7265
8251,1870
8269,7211
7730,9462
9253,5586
9875,8748
3321,1683
960,323
3548,1489
8826,6025
6152,5154
9952,5838
592,5560
5560,1913
9810,363
137,9740
7691,6877
8891,3221
4585,8602
6350,1888
9122,5323
3605,5408
3387,3441
9938,2449
196,3842
6964,7236
8300,4167
1802,9063
6072,7129
1968,6780
3133,3263
4101,6794
6606,7126
929,2110
1090,8056
1658,2930
9471,4160
7850,7073
9851,924
209,4805
2391,1246
8339,7518
2315,4787
2267,4523
1870,450
3646,3702
8270,9400
9878,3840
534,2377
9607,5896
1741,8302
4439,6058
2059,1742
2449,3696
4441,8299
8011,5880
8873,6590
3560,7206
5958,1393
650,8485
6179,9000
7238,979
1426,5220
1861,9149
4810,5428
6029,6615
6847,2860
1900,4297
8842,9402
4240,6358
7051,5568
7636,5859
4221,8196
7712,3580
7939,2051
7334,3585
5729,6311
4382,9401
4518,9423
8624,8611
7183,194
2656,3240
3309,9685
3052,7131
8601,1073
2909,5562
6365,7428
5748,8672
6979,3264
1649,7965
3403,7814
7411,4924
8323,7765
9845,3022
5552,6653
1549,8570
3983,5629
5384,6242
1456,6532
8067,1559
2662,7518
3526,8439
493,1924
3610,3970
9940,3185
6817,7688
6743,969
9262,2828
9569,2600
5030,7503
2337,1717
1650,2904
2239,1164
1205,8087
8422,9989
6108,992
8944,7903
7242,9258
5445,2422
2967,8025
7741,8862
4501,1001
5450,9078
2154,8647
6450,4370
9605,1219
9453,3067
6831,9567
7604,8702
402,2043
2405,260
2892,405
8951,4347
2300,9570
6984,114
7275,9599
7696,3798
9612,8878
3112,4422
5656,1581
4388,8137
7183,569
1961,1164
7215,2146
505,9980
2043,7411
663,4620
1716,1832
6115,9884
5107,350
5398,3252
1035,2586
3407,6848
3979,5284
2590,5500
3957,3440
9339,3548
1540,4837
440,9645
2041,1950
8503,5424
5685,3513
1103,688
4681,3529
2859,7554
2511,85
6757,7547
2505,2389
7066,3300
1100,1867
732,1980
6455,3601
1161,2277
4480,1603
1261,5551
732,7202
2516,220
9282,8686
9487,1156
331,7696
3,5516
5052,2967
9469,5488
5932,2212
4542,5367
5675,2363
1079,3488
7496,6808
9685,4710
4722,4186
5701,33
1595,4040
6543,2824
6221,915
1619,3405
3213,8737
3029,2741
3981,5034
2201,5976
3528,1272
250,9705
82,4276
643,4768
5932,6901
5663,1900
5835,3204
2187,2359
5233,7733
8769,3325
5539,2654
7466,248
1695,7368
7827,6948
968,7768
8945,7538
323,9353
1927,1658
9172,28
2783,428
4713,4378
9809,2676
6266,5124
4366,7210
5343,2651
9086,32
6223,6058
1897,4191
1197,5885
9888,5299
9443,7190
4604,3210
4120,8931
4225,9768
2947,7809
6562,8250
396,9179
3001,166
9687,4549
2459,3361
6689,8047
5746,2530
1794,4383
251,2985
5901,8928
6667,3607
817,9953
6811,1685
8860,2521
7738,6473
793,1116
2222,5877
2287,4772
6401,7842
6188,8550
3879,2929
362,6712
1681,1280
1554,6055
7672,3311
591,671
4457,4393
8869,1324
985,379
4435,2294
4988,954
9149,3458
1931,7840
1186,2226
1152,4018
1971,6167
4082,6356
7784,9297
5400,2862
5016,4035
2069,3216
2972,905
7626,3680
4063,2562
4322,7268
5445,6016
6426,5086
8821,8230
8002,8648
4227,6442
6557,4411
5185,9051
9974,1233
6687,8443
3931,1898
3049,328
8035,8257
8341,542
1397,4047
3641,5138
6742,3061
7767,4074
4197,8079
8333,5571
489,9823
9681,5319
3155,7938
3323,4621
7002,1994
9578,4237
3490,7001
9630,3250
3354,4755
5709,5543
870,5162
3910,7150
8276,7753
6151,9495
7849,2578
6032,636
6011,9178
5754,3599
8693,4539
429,783
4532,8628
9136,7850
582,660
8214,9200
6219,9414
3999,477
5036,1663
1063,6201
4212,9572
3675,1074
6981,4917
9707,4235
1393,2558
310,5708
5676,3129
5289,7065
9406,9971
7456,2101
112,5478
3185,7530
299,4325
4807,454
9529,3886
5605,4138
6570,2104
9325,6188
57,7620
9753,1678
9333,8905
8743,327
399,2887
6379,6717
8845,8840
7176,4968
5801,8029
9043,8053
7933,4294
7721,8929
6710,9945
4753,894
425,3099
9656,4815
1284,183
4643,7576
9804,268
6251,8206
8546,4951
1087,789
9364,5119
838,9515
100,4029
4863,2841
9379,4861
1969,8076
3762,5043
6781,4653
1593,279
8506,6440
3207,6509
3707,9258
3312,6808
5024,1051
1933,8216
7549,977
8719,3137
3856,1355
1112,4477
3946,5441
8606,8508
5178,6995
9814,9466
6697,5581
48,2945
8796,8893
4721,2296
2983,9750
6887,3596
615,4140
6238,4542
1518,9395
363,3595
6485,5065
6847,3824
1202,4413
6158,1305
8326,5162
6491,366
4132,6837
9445,7518
2508,7916
7851,6579
8108,8712
1335,8552
5407,6884
7577,416
6747,8448
2664,5049
4379,7459
2355,3810
1497,4114
686,513
9325,50
8929,8914
531,7361
5199,7656
4270,7674
983,5410
57,3854
9078,1782
3786,8943
4956,6048
1607,2717
6246,2413
1191,9091
4406,4805
31,7690
7921,8094
5315,6935
2144,1918
7550,223
1931,6689
6858,3108
4442,877
1491,2486
9243,5645
2172,9028
1731,8218
9220,901
9260,6087
56,6177
5482,9289
7784,4368
7311,1301
2713,9037
3215,7196
3191,3034
865,1242
5133,5521
5957,6466
6604,818
9048,6355
3837,9324
3085,2606
1772,8076
3263,9774
6374,3970
5873,5522
9637,2224
3106,7979
7123,8802
4634,1309
2558,9238
1455,6835
7323,1568
1121,5011
210,3646
215,8424
9713,1954
6973,6923
1485,1408
4493,7745
4786,7980
8671,8111
1893,5003
995,6177
6789,396
1076,4946
3345,7963
3594,6194
8604,8756
6659,5940
2176,1194
5404,4373
1012,327
7936,8941
232,2200
8302,2945
8160,1459
8246,1772
9544,5560
7643,8509
6008,7452
3064,9917
3466,787
1120,3146
1597,7646
8983,753
1579,816
8614,4345
4368,4181
6661,3995
4876,1833
3539,568
852,7201
3470,3275
5965,4149
8538,2060
6826,3786
2237,5785
1401,1187
1214,705
6094,504
2031,8585
9513,7145
2952,3560
8118,2459
6689,8431
2544,4067
2984,1646
8020,2773
3017,3237
4161,750
2803,8167
5482,4091
8778,1186
9976,5158
7619,7944
1657,1119
4480,4652
5040,3992
9222,3249
4677,1922
1957,2838
5763,5912
8304,7268
6725,9059
8367,8555
1285,3243
5136,9939
4594,956
3151,8130
8725,5339
8785,2198
9085,3582
651,9295
862,3730
8229,3984
1613,2190
6,376
7929,1702
3827,9066
4043,9329
9283,4864
7095,8460
5587,7319
10000,5952
6799,3761
9590,2194
6864,3608
5271,7612
5480,8850
9646,9685
7753,7614
4657,4524
5664,2989
8926,2472
8860,7950
5761,6162
3610,5010
8563,6639
8508,8738
3475,2444
1661,8149
1035,5634
387,2319
3411,8953
8450,1844
3191,669
9659,8268
3757,4983
1774,295
3546,5979
718,9056
6646,9419
6825,6437
697,6046
1160,9376
9773,128
638,5606
6869,5964
2691,6810
2610,2129
1450,2883
2478,66
4167,3538
1899,1446
4176,7396
364,4373
3616,7839
5244,4406
7252,9120
5570,1513
2048,5131
5334,5974
4779,3947
3336,4
979,4993
5612,6507
294,8585
9224,7783
7812,5764
4048,7871
7002,2412
8024,762
2554,2338
6337,3725
2874,6974
8060,4177
184,4908
4105,5156
5974,4755
6473,7506
4758,6158
4104,6314
1170,1169
5234,5369
7998,1221
845,2946
1728,8022
4403,7319
872,6005
7985,9722
8483,3229
8226,5879
6427,4432
8077,2004
8372,5890
3294,1044
8345,7932
9171,5458
3230,8592
2652,814
5013,5430
6571,8043
3289,1869
5589,957
9595,2527
5454,5290
6060,1098
573,8106
6067,2950
1676,1924
3140,2056
7617,3232
2679,9172
1597,3931
5497,8125
74,795
3458,5630
1853,6128
446,5444
321,9722
6628,7456
6915,330
1690,44
6538,4622
9571,2711
1508,9284
2055,1711
2952,8139
678,5997
1735,9181
3508,7228
2468,2700
4587,4337
4874,7343
7737,9202
4436,2925
8276,6640
5492,7257
6352,6593
6179,9191
2337,3243
5940,4784
4212,3082
8683,8324
5172,1063
738,9995
9388,1565
2168,410
9386,1282
3949,649
2775,4272
8298,1483
3368,4637
5602,1749
6585,880
9707,6151
9930,3190
9659,3626
769,6538
4337,1862
9358,6442
1706,8794
6361,929
4777,6739
4103,3889
2850,1864
1019,3422
742,9026
789,9648
8506,6246
3826,1162
591,2532
5370,1109
7956,5846
6158,4668
6777,9156
339,7893
3578,323
5151,3885
8153,8058
3864,393
896,1087
5617,5496
5672,8272
3369,5131
874,7489
2352,6207
4340,331
8059,8050
7056,905
126,186
8375,8267
739,8246
2708,7470
1892,476
5399,6979
6384,3939
5114,4388
9477,1183
6024,4938
5687,2786
6292,6958
7257,2996
7589,5795
4008,8804
9353,7653
8224,5122
4490,1738
9100,6732
4304,5880
7112,4355
4559,8905
3117,2302
1145,3446
7478,2820
4142,9691
4341,2867
9775,6923
7329,4617
5843,8530
600,3142
5816,8954
7833,7072
